date,sport,moving_min,distance_km
2018-05-03,ride,142.6,51.56
2018-05-07,ride,137.9,55.15
2018-05-08,ride,120.0,48.00
2018-05-10,ride,172.4,71.11
2018-05-14,ride,141.9,60.03
2018-05-15,ride,115.5,42.80
2018-05-16,ride,288.5,115.71
2018-05-21,ride,187.7,73.18
2018-05-23,ride,357.0,131.21
2018-05-24,ride,80.1,20.90
2018-05-27,ride,143.6,62.03
2018-05-28,ride,264.9,108.65
2018-05-29,ride,206.0,78.62
2018-05-30,ride,203.8,84.42
2018-06-01,ride,155.0,61.54
2018-06-03,ride,101.1,46.13
2018-06-04,ride,249.1,96.41
2018-06-05,ride,179.6,72.95
2018-06-08,ride,222.0,97.81
2018-06-12,ride,292.2,135.82
2018-06-14,ride,284.7,120.31
2018-06-16,ride,300.8,120.54
2018-06-18,ride,233.9,104.45
2018-06-20,ride,250.8,119.02
2018-06-22,ride,148.7,55.19
2018-06-25,ride,278.4,117.88
2018-06-27,ride,240.3,118.09
2018-06-29,ride,253.9,101.82
2018-07-01,ride,365.0,154.83
2018-07-03,ride,268.5,126.95
2018-07-05,ride,258.4,115.05
2018-07-07,ride,256.1,114.17
2018-07-09,ride,291.6,137.02
2018-07-11,ride,255.1,117.87
2018-07-13,ride,175.4,77.37
2018-07-15,ride,309.0,141.31
2018-07-19,ride,360.7,162.78
2018-07-23,ride,233.1,117.34
2018-07-25,ride,94.1,41.73
2018-07-28,ride,228.8,117.34
2018-07-30,ride,363.0,168.74
2018-08-02,ride,220.6,101.13
2018-08-04,ride,254.1,113.94
2018-08-07,ride,363.3,158.72
2018-08-12,ride,88.0,41.25
2018-08-15,ride,239.3,117.26
2018-08-17,ride,170.7,78.87
2018-08-20,ride,358.7,167.47
2018-08-22,ride,84.5,34.36
2018-08-24,ride,127.9,56.80
2018-08-31,ride,153.5,67.57
2018-09-02,ride,118.5,46.33
2018-09-08,ride,128.0,55.09
2018-09-11,ride,44.8,20.18
2018-09-13,ride,170.2,74.17
2018-09-15,ride,239.7,102.88
2018-09-16,ride,74.0,35.24
2018-09-18,ride,153.4,73.31
2018-09-20,ride,237.8,104.97
2018-09-22,ride,137.6,58.98
2018-09-24,ride,130.0,61.60
2018-09-26,ride,64.9,27.54
2018-09-30,ride,242.1,104.55
2018-10-03,ride,196.4,79.06
2018-10-05,ride,233.6,107.81
2018-10-07,indoor_ride,49.0,
2018-10-09,ride,191.8,88.86
2018-10-14,ride,138.2,49.44
2018-10-19,ride,90.8,43.82
2018-10-21,ride,103.9,50.58
2018-10-23,ride,53.1,26.50
2018-10-25,ride,107.8,53.73
2018-10-27,run,13.6,2.60
2018-10-29,run,26.8,5.06
2018-10-31,run,26.4,5.30
2018-11-02,run,25.9,5.33
2018-11-04,run,34.1,6.42
2018-11-07,run,23.5,4.65
2018-11-10,run,36.5,6.83
2018-11-12,run,39.0,7.60
2018-11-14,run,25.0,5.48
2018-11-16,indoor_ride,30.0,
2018-11-18,run,46.9,9.47
2018-11-21,indoor_ride,36.6,
2018-11-23,run,23.6,5.40
2018-11-26,run,25.2,5.33
2018-11-28,indoor_ride,56.0,
2018-11-30,run,51.5,10.41
2018-12-02,indoor_ride,17.3,
2018-12-02,indoor_ride,36.6,
2018-12-04,indoor_ride,54.0,
2018-12-06,run,51.1,10.71
2018-12-12,indoor_ride,42.5,
2018-12-14,indoor_ride,45.0,
2019-01-05,run,51.0,10.17
2019-01-07,indoor_ride,56.0,
2019-01-09,run,22.6,5.20
2019-01-11,run,54.2,10.56
2019-01-13,run,23.6,5.43
2019-01-15,run,49.4,10.27
2019-01-17,indoor_ride,56.0,
2019-01-19,indoor_ride,54.0,
2019-01-21,indoor_ride,54.0,
2019-01-23,run,50.3,10.41
2019-01-25,indoor_ride,44.7,
2019-01-27,indoor_ride,54.0,
2019-01-29,run,50.0,10.52
2019-01-31,indoor_ride,46.2,
2019-02-01,run,22.3,5.30
2019-02-03,indoor_ride,40.5,
2019-02-05,run,21.8,5.36
2019-02-07,indoor_ride,40.5,
2019-02-09,run,51.0,11.05
2019-02-19,run,31.5,6.98
2019-02-21,run,51.1,10.69
2019-02-23,ride,245.4,101.32
2019-02-25,ride,175.4,76.62
2019-02-27,ride,164.0,76.35
2019-03-01,run,50.2,10.64
2019-03-03,run,47.8,10.71
2019-03-05,indoor_ride,10.0,
2019-03-05,indoor_ride,20.0,
2019-03-05,indoor_ride,20.0,
2019-03-07,indoor_ride,40.5,
2019-03-07,indoor_ride,42.5,
2019-03-09,run,49.6,10.97
2019-03-10,indoor_ride,40.5,
2019-03-11,run,47.1,10.84
2019-03-12,indoor_ride,38.9,
2019-03-13,run,42.6,9.74
2019-03-14,indoor_ride,40.5,
2019-03-16,run,21.7,5.60
2019-03-17,indoor_ride,40.5,
2019-03-18,run,26.0,6.09
2019-03-19,indoor_ride,40.5,
2019-03-20,run,45.9,10.66
2019-03-21,indoor_ride,38.0,
2019-03-22,ride,132.6,60.34
2019-03-24,ride,268.0,122.70
2019-03-25,run,24.7,5.46
2019-03-26,run,44.6,10.50
2019-03-27,run,49.6,10.60
2019-03-28,ride,112.8,48.26
2019-03-29,ride,137.7,64.40
2019-03-30,ride,147.8,71.92
2019-04-01,indoor_ride,20.0,
2019-04-01,run,49.8,10.52
2019-04-02,run,45.1,10.72
2019-04-04,indoor_ride,20.0,
2019-04-04,indoor_ride,40.5,
2019-04-05,run,49.6,10.51
2019-04-06,indoor_ride,10.0,
2019-04-06,indoor_ride,20.0,
2019-04-07,run,44.7,10.54
2019-04-08,ride,90.7,39.95
2019-04-09,run,14.3,3.48
2019-04-10,indoor_ride,20.0,
2019-04-10,indoor_ride,20.0,
2019-04-10,indoor_ride,27.5,
2019-04-12,run,29.3,7.15
2019-04-13,indoor_ride,10.0,
2019-04-13,indoor_ride,42.5,
2019-04-14,run,34.6,7.47
2019-04-16,run,44.9,10.53
2019-04-17,indoor_ride,10.0,
2019-04-17,indoor_ride,20.0,
2019-04-18,run,44.9,10.62
2019-04-19,ride,298.7,137.23
2019-04-24,run,48.2,10.49
2019-04-25,indoor_ride,36.6,
2019-04-26,ride,244.1,113.34
2019-04-27,run,46.0,10.56
2019-04-29,ride,27.2,11.80
2019-04-29,run,45.4,10.50
2019-04-30,indoor_ride,15.0,
2019-04-30,indoor_ride,15.0,
2019-05-01,run,44.9,10.54
2019-05-02,indoor_ride,10.0,
2019-05-02,indoor_ride,20.0,
2019-05-03,run,43.5,10.55
2019-05-04,indoor_ride,40.5,
2019-05-05,run,47.8,10.77
2019-05-07,run,44.3,10.61
2019-05-08,indoor_ride,40.5,
2019-05-09,run,44.2,10.58
2019-05-10,indoor_ride,40.5,
2019-05-11,indoor_ride,10.0,
2019-05-11,indoor_ride,20.0,
2019-05-12,run,90.5,21.59
2019-05-13,ride,96.3,42.76
2019-05-14,indoor_ride,30.0,
2019-05-15,ride,267.9,127.74
2019-05-16,indoor_ride,10.0,
2019-05-16,indoor_ride,20.0,
2019-05-17,run,44.0,10.70
2019-05-18,indoor_ride,10.0,
2019-05-18,indoor_ride,40.5,
2019-05-19,run,29.6,6.63
2019-05-21,ride,93.6,46.08
2019-05-22,indoor_ride,40.5,
2019-05-23,ride,110.8,55.09
2019-05-25,ride,167.7,81.61
2019-05-26,ride,88.0,43.23
2019-05-26,run,19.9,4.63
2019-05-26,run,45.1,10.94
2019-05-27,ride,86.1,41.73
2019-05-28,indoor_ride,10.0,
2019-05-28,indoor_ride,20.0,
2019-05-29,ride,206.8,94.15
2019-05-31,run,54.8,12.43
2019-06-01,ride,275.6,128.43
2019-06-02,indoor_ride,10.0,
2019-06-02,indoor_ride,20.0,
2019-06-03,ride,79.7,41.27
2019-06-03,run,14.7,3.68
2019-06-04,indoor_ride,20.0,
2019-06-04,indoor_ride,40.5,
2019-06-05,ride,81.7,41.73
2019-06-05,run,5.1,1.14
2019-06-07,indoor_ride,20.0,
2019-06-07,indoor_ride,20.0,
2019-06-09,ride,389.7,186.00
2019-06-10,ride,145.3,68.11
2019-06-11,ride,272.5,129.99
2019-06-12,ride,75.2,32.76
2019-06-14,ride,129.3,65.84
2019-06-15,indoor_ride,10.0,
2019-06-15,indoor_ride,20.0,
2019-06-16,ride,158.0,80.33
2019-06-17,walk,97.7,
2019-06-18,ride,100.7,51.53
2019-06-19,indoor_ride,10.0,
2019-06-19,indoor_ride,40.5,
2019-06-20,ride,80.1,41.49
2019-06-26,walk,48.0,
2019-06-27,walk,71.8,
2019-06-29,ride,38.4,20.32
2019-06-29,ride,54.2,23.82
2019-06-30,ride,226.9,99.27
2019-07-01,run,24.0,5.32
2019-07-02,ride,172.0,80.37
2019-07-03,ride,133.7,62.40
2019-07-04,ride,172.3,80.50
2019-07-05,ride,47.7,21.56
2019-07-05,ride,109.4,51.32
2019-07-06,run,22.2,5.05
2019-07-07,ride,43.7,17.68
2019-07-08,run,33.2,7.51
2019-07-09,ride,126.2,62.01
2019-07-11,ride,168.1,80.86
2019-07-12,indoor_ride,10.0,
2019-07-12,run,50.6,11.27
2019-07-13,ride,49.2,21.32
2019-07-14,run,51.5,11.30
2019-07-15,ride,121.6,58.98
2019-07-15,run,34.1,7.46
2019-07-16,ride,358.6,160.99
2019-07-19,run,24.4,5.29
2019-07-20,run,45.5,9.85
2019-07-21,ride,19.3,8.08
2019-07-22,ride,101.1,48.86
2019-07-24,ride,42.3,21.82
2019-07-26,ride,129.7,63.61
2019-07-28,ride,43.2,21.85
2019-07-29,ride,125.2,62.52
2019-07-30,ride,70.0,34.92
2019-08-01,ride,41.9,22.14
2019-08-04,ride,41.7,22.14
2019-08-05,walk,93.5,
2019-08-06,walk,8.9,
2019-08-08,ride,84.9,42.06
2019-08-09,ride,102.3,49.38
2019-08-10,ride,83.3,42.02
2019-08-10,run,24.2,5.38
2019-08-11,ride,130.0,65.71
2019-08-12,ride,133.6,65.79
2019-08-13,run,56.6,11.25
2019-08-14,ride,106.7,54.19
2019-08-14,run,23.6,5.52
2019-08-15,run,36.0,7.48
2019-08-16,ride,116.7,55.29
2019-08-18,run,80.8,15.84
2019-08-20,ride,82.2,41.99
2019-08-20,run,34.4,7.57
2019-08-21,ride,131.2,65.60
2019-08-21,run,21.5,4.64
2019-08-22,ride,273.9,122.54
2019-08-23,ride,170.7,74.51
2019-08-24,ride,158.8,79.58
2019-08-27,ride,142.8,67.83
2019-08-28,ride,138.9,69.37
2019-08-29,run,54.9,11.32
2019-08-31,ride,119.2,55.30
2019-09-02,run,34.3,7.43
2019-09-03,ride,88.7,43.54
2019-09-03,run,25.7,5.34
2019-09-05,ride,1.1,
2019-09-05,run,24.0,5.39
2019-09-07,ride,55.8,25.92
2019-09-07,run,23.5,5.30
2019-09-08,ride,34.9,17.78
2019-09-08,run,52.4,11.38
2019-09-10,ride,105.4,54.18
2019-09-10,run,25.2,5.36
2019-09-11,run,22.7,5.38
2019-09-12,run,24.8,5.37
2019-09-14,ride,100.3,49.73
2019-09-15,run,23.0,5.30
2019-09-16,run,52.8,11.37
2019-09-17,run,49.6,10.75
2019-09-19,run,22.1,5.34
2019-09-20,ride,72.5,32.11
2019-09-21,ride,119.8,53.57
2019-09-23,run,24.6,5.28
2019-09-24,ride,67.6,31.40
2019-09-24,run,36.9,8.15
2019-09-25,run,22.5,5.34
2019-09-27,run,23.1,5.35
2019-09-28,ride,60.0,27.00
2019-09-29,run,24.2,5.33
2019-09-30,ride,95.0,46.29
2019-10-01,run,48.3,10.67
2019-10-05,ride,59.8,24.71
2019-10-07,run,22.9,5.34
2019-10-08,run,23.0,5.34
2019-10-09,run,23.1,5.37
2019-10-10,run,22.8,5.32
2019-10-13,ride,98.0,45.42
2019-10-13,ride,99.0,42.71
2019-10-14,ride,34.2,15.83
2019-10-16,run,21.8,5.33
2019-10-17,run,23.2,5.30
2019-10-19,run,22.1,5.31
2019-10-21,run,47.9,10.79
2019-10-22,ride,112.7,54.44
2019-10-23,indoor_ride,30.0,
2019-10-23,run,23.2,5.38
2019-10-24,run,22.6,5.34
2019-10-25,indoor_ride,35.0,
2019-10-25,run,34.9,7.46
2019-10-26,ride,104.3,45.80
2019-10-27,run,108.3,23.15
2019-10-29,run,21.8,5.39
2019-10-30,run,35.2,8.18
2019-10-31,indoor_ride,67.0,
2019-11-01,indoor_ride,30.9,
2019-11-01,run,18.0,4.00
2019-11-02,run,21.4,5.39
2019-11-04,indoor_ride,30.0,
2019-11-04,run,34.8,8.18
2019-11-06,indoor_ride,67.0,
2019-11-07,indoor_ride,30.9,
2019-11-07,run,35.8,8.12
2019-11-08,indoor_ride,40.5,
2019-11-08,run,24.4,5.44
2019-11-09,run,34.3,8.08
2019-11-11,run,22.6,5.44
2019-11-14,run,23.3,5.46
2019-11-15,run,24.0,5.49
2019-11-17,run,36.2,8.19
2019-11-18,indoor_ride,28.0,
2019-11-18,run,36.2,8.17
2019-11-19,indoor_ride,30.0,
2019-11-19,run,24.3,5.45
2019-11-20,run,27.1,6.50
2019-11-21,indoor_ride,40.5,
2019-11-23,run,22.1,5.46
2019-11-24,run,35.9,8.14
2019-11-25,run,33.3,8.11
2019-11-26,indoor_ride,40.5,
2019-11-26,run,23.0,5.45
2019-11-27,indoor_ride,28.0,
2019-11-27,run,36.0,8.11
2019-11-28,indoor_ride,67.0,
2019-11-29,indoor_ride,28.0,
2019-11-29,run,21.0,4.70
2019-12-01,indoor_ride,30.0,
2019-12-01,run,35.9,
2019-12-02,run,21.8,
2019-12-05,run,22.5,5.43
2019-12-07,run,47.1,10.97
2019-12-08,indoor_ride,28.0,
2019-12-08,run,15.0,3.35
2019-12-09,indoor_ride,20.0,
2019-12-09,run,22.2,5.43
2019-12-10,indoor_ride,67.0,
2019-12-10,run,24.0,5.45
2019-12-12,indoor_ride,30.0,
2019-12-12,run,23.1,5.39
2019-12-13,indoor_ride,45.0,
2019-12-14,indoor_ride,28.0,
2019-12-14,run,22.3,5.46
2019-12-15,run,51.4,11.44
2019-12-16,indoor_ride,26.0,
2019-12-16,run,22.6,5.38
2019-12-17,indoor_ride,67.0,
2019-12-21,run,21.4,5.04
2019-12-25,run,29.9,6.68
2019-12-27,walk,33.0,
2019-12-28,walk,47.7,
2019-12-31,run,33.5,7.23
2020-01-03,walk,42.3,
2020-01-05,walk,37.1,
2020-01-06,walk,86.0,
2020-01-09,run,22.8,5.43
2020-01-10,indoor_ride,30.0,
2020-01-10,ride,15.7,5.48
2020-01-10,ride,17.5,5.37
2020-01-11,run,24.2,5.45
2020-01-12,indoor_ride,28.0,
2020-01-12,ride,15.9,5.76
2020-01-12,ride,20.2,6.06
2020-01-13,indoor_ride,30.0,
2020-01-13,ride,19.2,6.51
2020-01-13,ride,20.8,6.21
2020-01-13,run,23.4,5.42
2020-01-14,indoor_ride,28.0,
2020-01-14,ride,15.5,5.84
2020-01-14,ride,17.4,5.95
2020-01-14,run,12.0,2.65
2020-01-15,ride,25.4,9.28
2020-01-15,ride,27.6,9.45
2020-01-15,run,23.2,5.52
2020-01-16,indoor_ride,30.9,
2020-01-16,ride,18.5,6.57
2020-01-16,ride,19.1,6.21
2020-01-17,ride,27.2,9.38
2020-01-17,ride,27.8,9.45
2020-01-17,run,23.9,5.45
2020-01-18,indoor_ride,30.0,
2020-01-18,ride,16.2,5.81
2020-01-18,ride,20.1,6.21
2020-01-19,ride,71.8,24.87
2020-01-20,indoor_ride,40.5,
2020-01-20,ride,15.8,5.76
2020-01-20,ride,16.8,5.95
2020-01-21,indoor_ride,28.0,
2020-01-21,ride,15.9,5.77
2020-01-21,ride,17.2,5.92
2020-01-21,run,24.4,5.45
2020-01-22,indoor_ride,54.0,
2020-01-22,ride,19.3,5.98
2020-01-22,ride,30.1,10.18
2020-01-23,indoor_ride,28.0,
2020-01-23,ride,16.6,5.80
2020-01-23,ride,26.3,8.73
2020-01-23,run,22.9,5.46
2020-01-24,ride,23.5,7.15
2020-01-25,ride,83.9,28.99
2020-01-26,ride,21.9,6.90
2020-01-26,run,50.4,11.35
2020-01-27,ride,14.5,5.06
2020-01-27,ride,14.9,5.12
2020-01-27,run,22.7,5.43
2020-01-28,indoor_ride,30.0,
2020-01-28,ride,14.1,5.24
2020-01-28,ride,21.5,6.08
2020-01-29,ride,14.2,5.51
2020-01-29,ride,19.8,5.97
2020-01-29,run,51.1,11.35
2020-01-30,run,23.2,5.42
2020-01-31,indoor_ride,28.0,
2020-01-31,ride,13.6,
2020-01-31,ride,22.4,6.36
2020-02-01,ride,90.0,31.11
2020-02-02,run,50.5,11.35
2020-02-03,indoor_ride,18.6,
2020-02-03,indoor_ride,20.0,
2020-02-03,ride,14.0,5.36
2020-02-03,run,23.2,5.45
2020-02-04,walk,32.8,
2020-02-05,ride,15.0,5.25
2020-02-05,ride,35.9,12.41
2020-02-06,ride,13.3,5.23
2020-02-06,ride,14.1,5.21
2020-02-06,run,53.5,11.33
2020-02-07,ride,23.4,7.34
2020-02-07,ride,94.6,45.28
2020-02-08,indoor_ride,30.0,
2020-02-08,ride,16.2,5.81
2020-02-08,ride,31.2,9.08
2020-02-08,run,23.4,5.48
2020-02-10,indoor_ride,45.0,
2020-02-10,ride,15.9,5.75
2020-02-10,ride,18.4,5.58
2020-02-11,run,33.8,8.15
2020-02-12,indoor_ride,51.0,
2020-02-12,ride,15.7,5.79
2020-02-12,ride,18.2,5.86
2020-02-13,indoor_ride,30.0,
2020-02-13,ride,15.2,5.12
2020-02-13,ride,15.4,5.11
2020-02-14,ride,10.2,
2020-02-14,ride,18.5,5.31
2020-02-15,ride,125.7,60.21
2020-02-17,indoor_ride,51.0,
2020-02-17,ride,13.9,5.03
2020-02-17,ride,19.4,5.87
2020-02-18,ride,100.2,47.61
2020-02-18,run,22.6,5.46
2020-02-19,ride,13.6,
2020-02-19,ride,16.6,5.42
2020-02-19,run,51.1,11.30
2020-02-20,indoor_ride,28.0,
2020-02-20,ride,15.5,5.75
2020-02-20,ride,28.0,8.87
2020-02-20,run,23.7,5.40
2020-02-21,indoor_ride,45.0,
2020-02-21,ride,15.6,5.80
2020-02-21,ride,25.7,8.49
2020-02-22,ride,61.6,28.41
2020-02-23,run,48.7,11.34
2020-02-24,indoor_ride,51.0,
2020-02-24,ride,16.1,5.77
2020-02-24,ride,16.4,5.57
2020-02-25,ride,98.7,47.09
2020-02-26,ride,12.9,
2020-02-26,ride,16.0,5.58
2020-02-26,run,49.2,11.24
2020-02-27,ride,14.4,5.23
2020-02-27,ride,15.0,6.00
2020-02-27,run,22.1,5.45
2020-02-28,indoor_ride,51.0,
2020-02-28,ride,17.8,5.88
2020-02-28,ride,22.3,7.78
2020-02-29,ride,71.6,33.13
2020-03-01,ride,55.4,18.92
2020-03-02,run,38.8,8.37
2020-03-03,ride,69.8,23.56
2020-03-03,run,29.0,6.38
2020-03-04,ride,20.4,6.38
2020-03-05,ride,26.1,8.63
2020-03-06,ride,111.2,54.45
2020-03-07,ride,26.8,11.54
2020-03-07,run,28.8,6.45
2020-03-09,ride,15.0,5.16
2020-03-09,ride,17.0,5.30
2020-03-09,ride,107.9,50.24
2020-03-09,run,28.7,6.46
2020-03-10,run,49.8,11.31
2020-03-11,ride,14.4,
2020-03-11,ride,17.5,5.52
2020-03-11,ride,94.6,46.01
2020-03-11,run,29.7,6.38
2020-03-12,ride,34.4,16.16
2020-03-12,run,28.8,6.29
2020-03-13,ride,31.2,10.28
2020-03-13,ride,58.9,25.38
2020-03-14,ride,117.6,58.70
2020-03-14,run,29.2,6.45
2020-03-15,ride,68.7,31.28
2020-03-15,run,22.4,4.75
2020-03-16,ride,233.5,112.62
2020-03-17,ride,97.0,45.54
2020-03-17,run,27.8,6.38
2020-03-18,ride,93.4,45.97
2020-03-18,run,28.5,6.37
2020-03-19,run,50.4,11.39
2020-03-20,ride,37.8,16.82
2020-03-20,run,28.8,6.36
2020-03-21,ride,93.8,45.49
2020-03-22,run,54.2,12.45
2020-03-23,ride,93.3,45.47
2020-03-24,ride,114.9,58.60
2020-03-24,run,28.9,6.32
2020-03-25,ride,146.6,69.85
2020-03-25,run,28.4,6.30
2020-03-27,ride,118.8,57.22
2020-03-27,run,28.3,6.32
2020-03-28,ride,94.0,45.91
2020-03-28,run,28.9,6.33
2020-03-29,run,49.3,11.36
2020-03-31,ride,117.6,58.01
2020-03-31,run,27.6,6.36
2020-04-01,ride,96.4,45.51
2020-04-01,run,28.9,6.32
2020-04-02,run,61.3,14.26
2020-04-03,ride,100.2,45.90
2020-04-03,run,29.9,6.30
2020-04-04,ride,77.7,38.82
2020-04-04,run,28.8,6.30
2020-04-05,run,27.0,6.36
2020-04-06,ride,95.7,46.13
2020-04-06,run,26.6,6.42
2020-04-07,ride,103.7,53.76
2020-04-07,run,27.9,6.28
2020-04-08,ride,135.9,68.48
2020-04-08,run,28.7,6.28
2020-04-09,ride,91.1,45.90
2020-04-09,run,29.2,6.30
2020-04-10,run,62.2,14.25
2020-04-11,ride,88.4,45.90
2020-04-13,ride,115.1,57.40
2020-04-14,run,59.5,14.24
2020-04-15,ride,90.6,44.70
2020-04-15,run,30.2,6.33
2020-04-16,ride,245.2,117.04
2020-04-18,walk,42.8,
2020-04-19,ride,122.1,58.66
2020-04-20,ride,91.1,45.89
2020-04-20,run,42.4,9.08
2020-04-21,ride,95.9,46.10
2020-04-21,run,41.0,9.01
2020-04-22,ride,101.8,45.24
2020-04-22,run,39.2,9.00
2020-04-23,ride,229.4,111.95
2020-04-24,run,55.2,12.14
2020-04-25,ride,108.0,54.94
2020-04-26,run,54.1,12.19
2020-04-27,ride,128.3,64.53
2020-04-27,strength,16.5,
2020-04-29,ride,109.1,54.82
2020-04-29,run,48.6,11.43
2020-04-29,strength,16.0,
2020-04-30,ride,126.4,57.22
2020-04-30,run,56.6,12.28
2020-05-01,ride,98.3,49.27
2020-05-01,strength,16.5,
2020-05-02,ride,103.0,45.03
2020-05-02,run,58.0,14.17
2020-05-04,ride,106.1,54.55
2020-05-04,strength,16.5,
2020-05-05,ride,120.2,59.03
2020-05-05,run,40.4,8.76
2020-05-07,ride,175.9,88.96
2020-05-07,walk,45.5,
2020-05-08,ride,172.5,88.00
2020-05-08,strength,17.8,
2020-05-09,ride,141.2,68.10
2020-05-09,walk,43.1,
2020-05-10,ride,186.7,93.67
2020-05-11,run,37.0,6.44
2020-05-11,strength,18.3,
2020-05-12,ride,117.6,57.45
2020-05-13,ride,123.2,63.91
2020-05-16,ride,189.5,94.11
2020-05-16,walk,48.5,
2020-05-17,ride,120.8,64.16
2020-05-17,strength,17.2,
2020-05-18,ride,107.7,56.73
2020-05-18,walk,52.2,
2020-05-19,ride,79.2,41.70
2020-05-19,strength,16.8,
2020-05-20,ride,204.0,103.55
2020-05-21,ride,137.1,69.60
2020-05-21,strength,16.6,
2020-05-22,ride,136.6,70.54
2020-05-22,walk,53.1,
2020-05-23,ride,120.9,62.73
2020-05-23,strength,17.0,
2020-05-24,ride,107.7,56.09
2020-05-25,ride,141.7,75.14
2020-05-25,strength,16.5,
2020-05-26,walk,49.2,
2020-05-27,ride,141.9,73.20
2020-05-27,strength,17.4,
2020-05-28,ride,143.5,73.81
2020-05-28,walk,42.4,
2020-05-29,ride,204.5,100.94
2020-05-29,strength,17.1,
2020-05-30,ride,135.7,70.32
2020-05-31,ride,131.5,69.03
2020-05-31,strength,16.2,
2020-05-31,walk,38.0,
2020-06-01,ride,143.5,74.50
2020-06-01,run,5.0,
2020-06-02,ride,194.4,99.75
2020-06-02,strength,16.0,
2020-06-03,ride,141.6,73.19
2020-06-04,ride,113.7,59.55
2020-06-04,strength,15.8,
2020-06-06,ride,61.1,30.14
2020-06-06,strength,16.2,
2020-06-07,ride,251.0,127.22
2020-06-08,ride,144.0,73.79
2020-06-08,strength,18.9,
2020-06-09,ride,221.3,108.80
2020-06-10,ride,120.7,58.28
2020-06-10,strength,16.3,
2020-06-11,ride,173.9,87.63
2020-06-12,ride,98.3,46.08
2020-06-12,strength,16.1,
2020-06-13,ride,266.8,134.03
2020-06-15,ride,257.3,127.25
2020-06-15,run,10.6,2.42
2020-06-15,walk,22.8,
2020-06-16,ride,126.7,60.82
2020-06-16,strength,16.5,
2020-06-17,run,6.1,1.22
2020-06-18,ride,215.2,108.03
2020-06-19,ride,115.4,58.35
2020-06-19,strength,17.0,
2020-06-20,ride,150.4,70.65
2020-06-21,ride,171.7,86.33
2020-06-21,strength,16.3,
2020-06-22,ride,34.8,10.53
2020-06-22,walk,12.7,
2020-06-23,ride,145.0,77.26
2020-06-23,strength,16.2,
2020-06-24,ride,185.2,94.51
2020-06-25,strength,16.2,
2020-06-26,ride,169.6,87.67
2020-06-27,strength,16.1,
2020-06-28,ride,118.2,64.20
2020-06-29,ride,174.6,87.63
2020-06-30,strength,16.8,
2020-07-01,ride,123.2,64.09
2020-07-02,ride,92.3,45.66
2020-07-02,strength,15.8,
2020-07-03,ride,86.4,45.94
2020-07-04,run,6.6,1.43
2020-07-04,strength,16.1,
2020-07-05,ride,138.6,74.00
2020-07-06,ride,53.7,29.88
2020-07-06,run,6.4,1.36
2020-07-06,strength,17.0,
2020-07-07,ride,166.3,86.41
2020-07-08,ride,201.6,101.28
2020-07-08,strength,15.6,
2020-07-09,run,23.6,5.59
2020-07-10,ride,138.2,72.07
2020-07-10,strength,16.5,
2020-07-11,ride,174.9,88.41
2020-07-11,run,24.1,5.44
2020-07-12,strength,15.8,
2020-07-13,ride,119.1,37.99
2020-07-13,walk,67.1,
2020-07-15,ride,97.9,28.52
2020-07-15,run,28.8,6.57
2020-07-16,strength,16.1,
2020-07-17,run,28.2,6.55
2020-07-18,ride,86.3,27.15
2020-07-18,strength,18.0,
2020-07-19,ride,136.2,60.58
2020-07-20,run,26.0,6.06
2020-07-20,walk,66.8,
2020-07-21,ride,62.3,30.73
2020-07-21,strength,17.1,
2020-07-22,ride,65.6,33.47
2020-07-22,run,29.7,6.86
2020-07-23,ride,111.1,58.06
2020-07-23,strength,17.3,
2020-07-24,ride,109.5,52.00
2020-07-24,run,36.6,8.29
2020-07-25,ride,164.8,48.25
2020-07-25,strength,17.7,
2020-07-26,run,42.8,9.38
2020-07-27,strength,17.6,
2020-07-29,ride,82.6,45.48
2020-07-29,run,47.7,10.70
2020-07-30,ride,100.6,53.82
2020-07-30,strength,17.6,
2020-07-31,ride,71.2,38.03
2020-07-31,run,30.5,6.84
2020-08-02,ride,267.0,127.22
2020-08-02,strength,17.4,
2020-08-03,run,32.2,7.28
2020-08-04,strength,17.4,
2020-08-05,ride,128.2,70.04
2020-08-05,run,37.0,8.10
2020-08-06,ride,135.0,71.50
2020-08-06,strength,17.2,
2020-08-07,ride,85.6,41.50
2020-08-07,run,33.6,7.27
2020-08-08,strength,16.8,
2020-08-09,ride,157.2,86.79
2020-08-10,ride,136.1,59.43
2020-08-10,run,33.7,7.30
2020-08-11,run,32.4,7.31
2020-08-12,ride,22.0,9.65
2020-08-12,strength,17.2,
2020-08-14,ride,60.3,28.68
2020-08-15,ride,150.0,78.41
2020-08-15,run,28.6,6.42
2020-08-16,ride,93.1,47.75
2020-08-16,strength,16.9,
2020-08-17,ride,80.5,41.90
2020-08-17,run,52.0,11.28
2020-08-18,ride,135.0,67.62
2020-08-18,strength,17.2,
2020-08-19,ride,97.8,45.81
2020-08-19,run,53.2,11.44
2020-08-21,ride,108.8,54.69
2020-08-21,run,29.5,6.48
2020-08-21,strength,16.2,
2020-08-22,run,52.0,11.44
2020-08-23,strength,17.0,
2020-08-24,ride,160.0,81.39
2020-08-24,run,23.2,5.53
2020-08-25,ride,53.8,23.07
2020-08-25,run,43.6,9.56
2020-08-26,run,50.8,11.49
2020-08-26,strength,16.3,
2020-08-27,ride,123.8,64.60
2020-08-28,ride,94.9,40.55
2020-08-28,run,28.9,6.47
2020-08-29,ride,130.5,65.23
2020-08-29,strength,16.4,
2020-08-30,ride,127.0,63.66
2020-08-30,run,55.9,12.47
2020-08-31,ride,171.2,82.82
2020-08-31,strength,16.4,
2020-09-01,run,65.9,14.35
2020-09-02,ride,193.8,96.36
2020-09-02,strength,16.3,
2020-09-03,run,24.8,5.49
2020-09-03,run,29.2,6.45
2020-09-04,ride,108.8,52.58
2020-09-04,strength,16.5,
2020-09-05,run,36.7,8.22
2020-09-06,ride,116.0,58.10
2020-09-06,run,26.2,5.87
2020-09-06,strength,16.4,
2020-09-08,ride,128.6,55.40
2020-09-09,run,27.0,6.53
2020-09-09,strength,16.4,
2020-09-10,ride,135.4,67.71
2020-09-11,run,50.0,11.50
2020-09-11,strength,16.0,
2020-09-13,ride,118.4,55.32
2020-09-13,run,32.0,7.23
2020-09-14,ride,76.5,32.70
2020-09-15,ride,195.8,83.06
2020-09-16,ride,75.9,36.08
2020-09-16,run,21.8,4.97
2020-09-18,run,34.1,7.99
2020-09-19,ride,133.6,63.23
2020-09-20,ride,180.7,82.46
2020-09-21,ride,143.1,64.55
2020-09-22,ride,52.7,30.24
2020-09-23,run,27.1,6.42
2020-09-23,strength,16.2,
2020-09-24,ride,113.5,57.54
2020-09-24,run,52.5,11.42
2020-09-25,strength,16.5,
2020-09-26,ride,142.4,71.71
2020-09-26,run,56.8,12.45
2020-09-27,ride,96.9,39.46
2020-09-27,strength,16.6,
2020-09-28,run,53.2,11.37
2020-09-29,ride,151.2,78.24
2020-09-29,strength,16.4,
2020-09-30,run,40.7,8.80
2020-10-01,strength,16.4,
2020-10-02,ride,158.4,76.81
2020-10-02,run,51.0,11.43
2020-10-03,run,26.4,5.93
2020-10-03,strength,16.4,
2020-10-05,run,28.6,6.47
2020-10-05,strength,19.4,
2020-10-06,run,28.0,6.47
2020-10-07,ride,114.7,46.48
2020-10-07,strength,19.6,
2020-10-08,strength,19.8,
2020-10-09,ride,13.4,5.52
2020-10-09,ride,16.3,6.08
2020-10-09,run,85.2,18.52
2020-10-10,run,25.2,5.66
2020-10-10,strength,19.1,
2020-10-11,ride,135.0,53.00
2020-10-12,ride,112.5,55.84
2020-10-12,strength,19.7,
2020-10-13,ride,67.4,29.89
2020-10-13,run,40.7,8.69
2020-10-14,ride,93.6,45.26
2020-10-14,strength,19.4,
2020-10-15,run,55.7,12.13
2020-10-16,ride,14.2,5.04
2020-10-16,ride,28.0,8.68
2020-10-16,ride,138.8,68.40
2020-10-17,run,43.7,9.57
2020-10-17,strength,18.9,
2020-10-18,ride,165.9,80.92
2020-10-19,run,26.1,6.02
2020-10-19,strength,19.6,
2020-10-20,run,65.6,14.54
2020-10-22,ride,169.2,82.80
2020-10-23,ride,12.3,
2020-10-23,ride,29.0,11.16
2020-10-24,ride,21.1,8.84
2020-10-24,strength,19.2,
2020-10-25,ride,62.0,29.97
2020-10-26,ride,131.4,65.32
2020-10-26,strength,18.7,
2020-10-27,ride,107.1,52.69
2020-10-28,strength,19.4,
2020-10-29,ride,14.3,5.11
2020-10-29,ride,15.9,5.12
2020-10-30,ride,11.8,
2020-10-30,ride,12.9,
2020-10-31,ride,130.4,65.10
2020-10-31,strength,20.2,
2020-11-02,strength,19.9,
2020-11-03,ride,12.6,5.06
2020-11-03,ride,16.4,5.89
2020-11-03,ride,94.0,45.33
2020-11-04,ride,220.8,106.22
2020-11-04,strength,24.0,
2020-11-05,ride,12.8,
2020-11-05,ride,30.4,11.94
2020-11-06,ride,25.4,9.62
2020-11-06,ride,30.6,11.91
2020-11-06,strength,24.4,
2020-11-08,ride,59.8,29.25
2020-11-08,run,22.8,5.50
2020-11-08,strength,24.2,
2020-11-09,ride,11.4,5.02
2020-11-09,ride,29.2,11.91
2020-11-10,ride,119.1,57.80
2020-11-10,strength,23.8,
2020-11-11,ride,11.9,
2020-11-11,ride,32.2,11.95
2020-11-12,ride,82.8,33.26
2020-11-12,strength,23.9,
2020-11-13,ride,16.1,5.78
2020-11-13,ride,25.4,9.66
2020-11-13,ride,58.7,29.88
2020-11-14,strength,24.1,
2020-11-15,ride,124.8,64.78
2020-11-15,walk,35.7,
2020-11-16,ride,13.0,
2020-11-16,ride,15.2,5.75
2020-11-16,strength,23.7,
2020-11-17,ride,98.7,40.99
2020-11-17,run,23.5,5.44
2020-11-18,ride,12.2,
2020-11-18,ride,25.8,9.62
2020-11-18,strength,23.6,
2020-11-19,ride,109.2,44.81
2020-11-19,run,24.4,5.51
2020-11-20,ride,63.0,29.87
2020-11-20,run,23.8,5.56
2020-11-20,strength,23.9,
2020-11-21,ride,107.0,41.52
2020-11-21,run,31.9,6.43
2020-11-22,ride,104.6,45.31
2020-11-22,run,40.4,8.67
2020-11-23,ride,12.7,
2020-11-23,ride,26.0,9.65
2020-11-23,strength,23.6,
2020-11-24,ride,59.9,29.95
2020-11-24,run,29.5,6.48
2020-11-25,ride,12.8,
2020-11-25,ride,32.2,11.97
2020-11-25,run,23.1,5.28
2020-11-25,strength,23.8,
2020-11-26,ride,124.0,52.66
2020-11-27,run,52.8,11.28
2020-11-27,strength,23.8,
2020-11-28,ride,67.6,26.97
2020-11-28,run,29.3,6.40
2020-11-29,run,46.4,9.65
2020-11-30,ride,13.8,
2020-11-30,ride,16.8,5.73
2020-12-01,ride,74.4,29.96
2020-12-01,run,29.5,6.47
2020-12-01,strength,24.4,
2020-12-02,ride,13.3,
2020-12-02,ride,26.6,9.65
2020-12-02,strength,23.6,
2020-12-03,run,44.8,9.50
2020-12-04,ride,101.0,40.84
2020-12-04,run,30.1,6.48
2020-12-04,strength,24.6,
2020-12-05,run,54.0,11.29
2020-12-06,run,110.5,23.31
2020-12-07,ride,16.2,5.56
2020-12-07,ride,16.2,5.74
2020-12-07,strength,24.2,
2020-12-08,ride,15.2,5.55
2020-12-08,ride,17.1,6.20
2020-12-08,run,65.6,14.06
2020-12-09,ride,15.7,5.47
2020-12-09,ride,16.7,5.73
2020-12-09,run,31.4,6.49
2020-12-09,strength,23.8,
2020-12-10,run,53.0,11.30
2020-12-11,ride,16.8,5.56
2020-12-11,ride,16.8,5.70
2020-12-11,run,31.3,6.45
2020-12-11,strength,22.7,
2020-12-12,run,54.3,12.61
2020-12-13,ride,103.1,40.94
2020-12-13,run,44.5,9.55
2020-12-14,ride,12.6,
2020-12-14,ride,25.4,9.65
2020-12-14,run,58.8,13.51
2020-12-15,run,45.4,9.56
2020-12-15,strength,24.1,
2020-12-16,ride,14.6,5.47
2020-12-16,ride,31.0,11.07
2020-12-18,strength,19.6,
2020-12-19,ride,72.3,40.28
2020-12-19,run,33.4,7.17
2020-12-21,ride,13.0,7.07
2020-12-21,ride,45.7,26.35
2020-12-21,run,32.6,7.16
2020-12-22,ride,72.3,38.83
2020-12-22,strength,24.1,
2020-12-23,indoor_ride,55.6,
2020-12-23,run,32.3,7.22
2020-12-24,indoor_ride,117.9,
2020-12-24,strength,23.8,
2020-12-25,indoor_ride,76.0,
2020-12-25,run,35.7,7.62
2020-12-26,indoor_ride,61.6,
2020-12-26,strength,24.6,
2020-12-26,walk,80.0,
2020-12-27,indoor_ride,67.4,
2020-12-27,run,45.7,10.10
2020-12-28,indoor_ride,65.6,
2020-12-28,strength,23.8,
2020-12-29,indoor_ride,61.8,
2020-12-29,strength,23.7,
2020-12-30,indoor_ride,57.6,
2020-12-30,run,46.4,9.99
2020-12-31,indoor_ride,57.2,
2020-12-31,run,46.8,10.27
2021-01-02,indoor_ride,75.7,
2021-01-02,strength,25.2,
2021-01-03,indoor_ride,79.4,
2021-01-03,run,37.2,8.01
2021-01-04,indoor_ride,67.0,
2021-01-04,strength,23.7,
2021-01-05,indoor_ride,57.1,
2021-01-05,strength,23.4,
2021-01-06,indoor_ride,54.4,
2021-01-06,run,40.0,8.50
2021-01-07,indoor_ride,52.8,
2021-01-07,run,33.3,7.38
2021-01-08,indoor_ride,82.0,
2021-01-08,strength,24.4,
2021-01-09,indoor_ride,70.0,
2021-01-09,run,40.4,8.72
2021-01-10,indoor_ride,60.0,
2021-01-10,strength,24.2,
2021-01-11,indoor_ride,63.7,
2021-01-11,run,33.3,7.38
2021-01-12,indoor_ride,47.0,
2021-01-12,run,40.1,8.75
2021-01-13,indoor_ride,56.0,
2021-01-13,strength,24.1,
2021-01-14,indoor_ride,58.5,
2021-01-14,run,34.3,7.32
2021-01-15,indoor_ride,57.4,
2021-01-15,strength,24.0,
2021-01-19,run,44.8,9.91
2021-01-19,strength,23.3,
2021-01-20,run,53.5,11.40
2021-01-21,run,28.5,6.32
2021-01-21,strength,24.2,
2021-01-22,run,51.6,11.32
2021-01-23,run,57.5,12.73
2021-01-23,strength,24.4,
2021-01-24,ride,85.8,30.53
2021-01-26,run,39.9,8.64
2021-01-26,strength,24.4,
2021-01-27,run,29.0,6.42
2021-01-28,run,56.9,12.73
2021-01-28,strength,24.4,
2021-01-29,run,49.8,11.39
2021-01-30,ride,70.0,25.93
2021-01-30,run,30.9,6.49
2021-01-31,strength,24.0,
2021-02-01,ride,67.6,27.11
2021-02-01,run,43.9,9.54
2021-02-01,strength,23.2,
2021-02-02,run,43.7,9.44
2021-02-02,walk,40.0,
2021-02-03,walk,40.0,
2021-02-05,ride,152.2,64.51
2021-02-05,strength,23.8,
2021-02-06,run,57.0,12.71
2021-02-07,run,60.7,12.79
2021-02-07,strength,23.9,
2021-02-08,run,44.6,9.53
2021-02-09,run,52.0,11.39
2021-02-09,strength,24.5,
2021-02-10,ride,56.3,19.18
2021-02-10,run,67.0,13.61
2021-02-11,run,59.5,12.76
2021-02-11,strength,24.2,
2021-02-12,ride,40.1,14.14
2021-02-13,run,66.5,13.58
2021-02-14,run,40.0,9.56
2021-02-14,strength,24.3,
2021-02-16,run,105.5,22.90
2021-02-16,strength,24.2,
2021-02-17,ride,77.0,29.05
2021-02-17,run,30.4,6.43
2021-02-18,run,55.1,12.69
2021-02-18,strength,23.8,
2021-02-19,ride,97.6,40.36
2021-02-19,run,25.4,5.45
2021-02-20,run,50.8,11.30
2021-02-21,ride,85.3,41.40
2021-02-21,strength,24.1,
2021-02-22,ride,85.9,41.35
2021-02-22,run,47.9,11.30
2021-02-23,ride,131.0,64.49
2021-02-23,run,28.2,6.42
2021-02-24,ride,93.1,41.40
2021-02-24,run,28.4,6.40
2021-02-24,strength,24.0,
2021-02-25,run,39.6,8.67
2021-02-26,ride,167.7,80.83
2021-02-26,strength,24.0,
2021-02-27,ride,87.1,41.40
2021-02-27,run,47.4,11.31
2021-02-28,run,29.4,6.42
2021-02-28,strength,24.1,
2021-03-01,ride,98.0,47.50
2021-03-01,run,41.4,9.49
2021-03-02,ride,97.6,46.77
2021-03-02,run,51.1,11.31
2021-03-03,ride,94.0,45.35
2021-03-03,strength,24.0,
2021-03-04,run,53.6,12.67
2021-03-05,run,71.7,14.81
2021-03-05,strength,23.7,
2021-03-06,run,86.8,19.08
2021-03-07,strength,25.1,
2021-03-08,run,57.0,14.02
2021-03-09,strength,25.1,
2021-03-10,run,48.8,11.33
2021-03-11,strength,25.0,
2021-03-12,strength,24.7,
2021-03-14,run,41.3,9.54
2021-03-15,strength,25.9,
2021-03-16,run,28.0,6.39
2021-03-17,run,27.1,6.32
2021-03-17,strength,25.7,
2021-03-18,run,30.5,6.57
2021-03-19,run,28.8,6.44
2021-03-26,run,31.2,7.32
2021-03-26,strength,23.8,
2021-03-27,ride,30.8,14.38
2021-03-27,run,33.1,7.34
2021-03-28,ride,25.8,8.69
2021-03-28,run,33.4,7.36
2021-03-28,strength,24.5,
2021-03-29,run,38.1,8.65
2021-03-30,strength,25.4,
2021-03-31,ride,145.0,70.49
2021-03-31,run,32.3,7.24
2021-04-01,ride,118.0,61.16
2021-04-01,run,37.3,7.78
2021-04-02,ride,146.4,72.47
2021-04-02,strength,29.6,
2021-04-03,ride,70.0,35.00
2021-04-03,run,34.8,7.79
2021-04-04,run,54.0,11.82
2021-04-05,ride,90.8,44.22
2021-04-05,run,51.2,11.81
2021-04-06,run,33.3,7.77
2021-04-06,strength,29.9,
2021-04-07,run,43.7,9.72
2021-04-08,run,44.8,10.00
2021-04-08,strength,30.6,
2021-04-09,walk,27.1,
2021-04-10,ride,166.6,87.51
2021-04-10,strength,30.0,
2021-04-11,ride,124.2,57.99
2021-04-11,run,38.7,8.28
2021-04-12,ride,131.3,66.27
2021-04-12,strength,30.0,
2021-04-13,run,44.0,9.91
2021-04-14,strength,29.8,
2021-04-16,run,102.5,21.67
2021-04-16,strength,29.4,
2021-04-17,run,41.6,8.69
2021-04-18,ride,127.4,65.38
2021-04-18,run,55.1,12.28
2021-04-19,ride,132.5,60.16
2021-04-19,strength,29.9,
2021-04-19,walk,26.3,
2021-04-20,ride,185.8,91.44
2021-04-20,run,46.5,10.62
2021-04-21,ride,143.7,70.57
2021-04-21,strength,30.3,
2021-04-22,run,56.6,12.62
2021-04-23,run,96.2,21.09
2021-04-24,strength,29.1,
2021-04-25,ride,96.8,49.47
2021-04-25,run,61.7,14.26
2021-04-26,strength,30.1,
2021-04-26,walk,29.6,
2021-04-27,ride,72.7,35.33
2021-04-27,run,76.4,17.38
2021-04-28,run,45.3,10.51
2021-04-28,strength,29.4,
2021-04-29,ride,134.8,66.62
2021-04-29,run,36.0,7.77
2021-04-30,ride,50.8,21.95
2021-04-30,run,56.0,12.92
2021-05-01,run,36.0,8.54
2021-05-02,run,36.0,8.06
2021-05-02,strength,30.5,
2021-05-03,run,63.2,14.50
2021-05-04,ride,44.1,21.97
2021-05-04,strength,30.2,
2021-05-05,ride,132.0,66.57
2021-05-05,run,35.8,8.05
2021-05-06,ride,44.9,22.55
2021-05-06,run,54.2,12.80
2021-05-06,strength,31.1,
2021-05-08,run,61.0,14.41
2021-05-08,strength,29.4,
2021-05-09,ride,141.9,60.21
2021-05-09,run,58.2,12.84
2021-05-10,ride,90.7,49.44
2021-05-10,strength,29.3,
2021-05-11,ride,83.6,35.63
2021-05-11,run,67.6,15.35
2021-05-12,ride,139.2,70.66
2021-05-12,strength,31.8,
2021-05-12,walk,47.6,
2021-05-13,ride,9.7,
2021-05-13,ride,129.4,66.69
2021-05-13,run,72.8,15.86
2021-05-14,ride,132.8,66.92
2021-05-14,run,39.2,8.01
2021-05-15,ride,96.2,44.10
2021-05-15,strength,30.4,
2021-05-16,run,65.4,14.31
2021-05-17,ride,233.0,122.48
2021-05-17,strength,30.5,
2021-05-19,run,106.1,22.33
2021-05-19,strength,31.1,
2021-05-20,run,60.1,12.89
2021-05-21,ride,48.4,21.47
2021-05-21,ride,83.1,36.07
2021-05-21,run,49.0,11.35
2021-05-22,run,60.3,12.97
2021-05-22,strength,29.6,
2021-05-23,ride,75.4,34.81
2021-05-23,run,55.2,11.36
2021-05-24,ride,149.5,76.16
2021-05-24,run,56.9,12.89
2021-05-26,ride,42.4,21.99
2021-05-26,run,50.1,11.31
2021-05-26,strength,30.6,
2021-05-27,ride,134.2,67.01
2021-05-27,run,60.5,12.92
2021-05-28,ride,123.3,58.02
2021-05-28,strength,31.4,
2021-05-29,run,51.4,11.31
2021-05-31,ride,100.7,47.86
2021-05-31,run,50.4,11.26
2021-05-31,strength,30.5,
2021-06-01,ride,128.6,67.42
2021-06-01,run,30.1,7.65
2021-06-02,run,31.7,6.89
2021-06-02,strength,27.6,
2021-06-02,walk,36.8,
2021-06-03,ride,142.4,65.02
2021-06-03,run,62.0,13.75
2021-06-04,ride,49.1,25.52
2021-06-04,run,34.5,7.61
2021-06-05,ride,89.6,42.02
2021-06-05,run,35.4,7.66
2021-06-05,strength,27.7,
2021-06-06,ride,77.7,36.83
2021-06-07,ride,117.6,62.06
2021-06-07,run,33.2,7.63
2021-06-07,strength,27.1,
2021-06-08,ride,130.6,65.45
2021-06-08,run,34.4,8.10
2021-06-09,ride,51.1,25.57
2021-06-09,strength,28.5,
2021-06-10,ride,29.1,14.31
2021-06-10,ride,72.5,35.50
2021-06-10,run,50.8,11.30
2021-06-11,ride,46.2,21.85
2021-06-11,run,37.7,8.24
2021-06-11,strength,27.9,
2021-06-12,ride,51.8,25.50
2021-06-13,run,58.3,13.12
2021-06-13,strength,27.2,
2021-06-14,ride,121.0,61.66
2021-06-14,run,52.2,12.04
2021-06-15,ride,49.7,25.52
2021-06-15,run,35.0,8.09
2021-06-16,ride,130.8,65.45
2021-06-16,run,53.8,12.25
2021-06-16,strength,27.6,
2021-06-17,ride,124.9,57.14
2021-06-17,walk,11.6,
2021-06-17,walk,39.8,
2021-06-18,run,35.7,7.99
2021-06-18,strength,26.4,
2021-06-19,ride,50.8,21.53
2021-06-19,ride,202.5,103.69
2021-06-20,ride,47.6,25.75
2021-06-20,run,54.7,12.37
2021-06-21,run,34.5,8.00
2021-06-21,strength,27.4,
2021-06-23,ride,45.2,25.72
2021-06-23,run,35.0,8.00
2021-06-23,strength,26.9,
2021-06-24,run,35.2,8.05
2021-06-27,ride,48.8,25.73
2021-06-27,run,36.4,8.11
2021-06-27,strength,31.5,
2021-06-28,ride,98.3,50.10
2021-06-28,run,99.6,22.35
2021-06-29,ride,129.1,65.44
2021-06-29,run,53.1,11.37
2021-06-30,ride,38.1,18.77
2021-06-30,run,19.6,5.14
2021-07-01,strength,33.3,
2021-07-02,ride,48.3,25.74
2021-07-02,ride,61.8,31.38
2021-07-02,run,75.9,17.36
2021-07-03,strength,31.6,
2021-07-04,run,105.1,23.23
2021-07-05,ride,98.1,53.53
2021-07-05,strength,33.3,
2021-07-06,ride,106.8,54.18
2021-07-06,run,36.8,8.05
2021-07-07,run,23.9,5.37
2021-07-07,strength,32.2,
2021-07-08,run,67.2,15.29
2021-07-10,strength,31.8,
2021-07-11,ride,77.8,37.21
2021-07-11,run,29.4,7.10
2021-07-11,run,73.0,16.96
2021-07-12,strength,32.0,
2021-07-13,ride,94.7,50.37
2021-07-13,run,31.9,8.05
2021-07-14,ride,54.2,30.31
2021-07-14,run,30.1,6.95
2021-07-14,strength,32.1,
2021-07-15,run,54.2,12.20
2021-07-16,ride,140.4,72.31
2021-07-16,strength,32.8,
2021-07-17,ride,76.6,36.47
2021-07-17,run,34.8,8.03
2021-07-18,ride,94.0,47.39
2021-07-19,run,68.2,15.22
2021-07-20,ride,47.0,25.72
2021-07-20,strength,31.7,
2021-07-21,ride,54.8,28.32
2021-07-21,run,67.5,15.30
2021-07-23,ride,95.8,49.82
2021-07-23,strength,32.6,
2021-07-24,ride,228.8,101.12
2021-07-25,ride,109.7,50.28
2021-07-25,run,32.9,7.52
2021-07-27,ride,99.9,49.54
2021-07-29,ride,63.2,31.76
2021-07-30,ride,131.2,69.83
2021-07-30,strength,32.5,
2021-07-31,ride,65.6,32.22
2021-08-01,ride,58.4,30.32
2021-08-02,run,41.6,9.52
2021-08-04,run,17.6,4.03
2021-08-04,run,37.0,8.35
2021-08-06,strength,32.2,
2021-08-07,ride,126.8,65.21
2021-08-07,run,53.7,12.22
2021-08-09,ride,152.1,80.73
2021-08-09,strength,32.9,
2021-08-10,ride,82.2,38.20
2021-08-10,run,34.7,7.98
2021-08-11,ride,33.6,16.83
2021-08-12,ride,52.1,26.98
2021-08-13,ride,81.8,39.57
2021-08-13,run,52.0,11.45
2021-08-14,ride,59.2,29.26
2021-08-14,strength,31.4,
2021-08-15,ride,113.0,52.49
2021-08-15,run,8.8,1.90
2021-08-15,run,96.2,21.42
2021-08-16,run,31.4,7.24
2021-08-16,strength,31.6,
2021-08-17,run,60.8,13.82
2021-08-18,strength,32.0,
2021-08-21,ride,104.6,50.92
2021-08-21,run,28.6,6.95
2021-08-22,run,25.1,5.81
2021-08-23,ride,83.3,42.23
2021-08-23,strength,32.5,
2021-08-24,run,23.9,5.44
2021-08-24,walk,49.9,
2021-08-25,ride,95.9,44.62
2021-08-25,run,45.1,10.32
2021-08-26,ride,61.0,30.92
2021-08-26,strength,31.7,
2021-08-27,ride,62.3,31.50
2021-08-27,run,40.8,9.45
2021-08-28,run,43.3,9.83
2021-08-29,strength,31.6,
2021-08-29,walk,33.5,
2021-08-30,run,46.9,10.83
2021-08-31,ride,75.2,39.01
2021-08-31,run,47.3,11.01
2021-08-31,strength,31.3,
2021-09-01,ride,66.7,31.23
2021-09-01,run,25.8,5.77
2021-09-02,ride,92.5,46.41
2021-09-02,run,47.4,10.63
2021-09-02,strength,31.9,
2021-09-03,ride,64.7,32.30
2021-09-03,run,27.2,6.21
2021-09-04,ride,51.7,26.33
2021-09-04,run,6.7,1.45
2021-09-04,strength,31.2,
2021-09-05,ride,54.9,27.10
2021-09-05,run,42.7,9.84
2021-09-07,ride,57.8,30.04
2021-09-07,strength,30.8,
2021-09-08,run,55.2,12.81
2021-09-09,ride,110.0,58.16
2021-09-09,strength,31.8,
2021-09-10,run,31.7,7.61
2021-09-11,ride,70.6,35.28
2021-09-11,run,32.7,7.57
2021-09-11,strength,32.5,
2021-09-12,ride,68.6,35.16
2021-09-12,run,40.3,9.19
2021-09-13,ride,11.1,
2021-09-13,ride,101.3,54.26
2021-09-13,strength,30.5,
2021-09-14,run,2.3,
2021-09-14,run,38.4,8.80
2021-09-16,ride,71.3,35.44
2021-09-16,run,35.0,7.70
2021-09-16,strength,31.6,
2021-09-17,ride,113.0,60.01
2021-09-17,run,38.6,9.11
2021-09-18,ride,69.2,35.26
2021-09-18,run,21.7,5.17
2021-09-18,strength,31.2,
2021-09-19,ride,46.8,22.84
2021-09-19,run,41.0,9.09
2021-09-20,ride,17.4,7.48
2021-09-20,ride,100.2,53.56
2021-09-21,ride,60.6,23.52
2021-09-21,ride,71.3,26.28
2021-09-22,ride,61.7,30.21
2021-09-22,run,37.8,8.46
2021-09-22,strength,30.8,
2021-09-23,run,33.4,7.54
2021-09-24,run,39.3,9.13
2021-09-25,ride,210.6,106.01
2021-09-25,strength,31.3,
2021-09-26,ride,61.6,29.92
2021-09-26,run,95.4,22.18
2021-09-27,ride,12.1,5.04
2021-09-27,ride,106.3,53.71
2021-09-27,run,35.8,8.00
2021-09-28,ride,74.4,35.33
2021-09-28,run,40.9,9.12
2021-09-28,strength,32.2,
2021-09-29,run,41.2,9.17
2021-09-30,run,39.1,9.16
2021-09-30,strength,32.2,
2021-10-01,ride,74.8,35.40
2021-10-02,ride,68.2,35.05
2021-10-02,run,43.4,9.93
2021-10-02,strength,31.3,
2021-10-03,run,33.3,7.67
2021-10-04,ride,59.1,30.01
2021-10-04,run,40.1,9.19
2021-10-04,strength,32.2,
2021-10-05,run,40.3,9.28
2021-10-08,ride,108.1,56.44
2021-10-08,run,35.3,8.35
2021-10-08,strength,32.4,
2021-10-09,ride,85.3,43.47
2021-10-09,run,28.4,6.60
2021-10-09,run,36.4,8.44
2021-10-10,ride,58.8,29.96
2021-10-10,run,36.1,8.44
2021-10-10,strength,31.7,
2021-10-12,run,39.9,9.11
2021-10-13,ride,92.5,44.86
2021-10-13,run,40.6,9.01
2021-10-13,strength,31.6,
2021-10-14,ride,69.7,34.10
2021-10-15,ride,69.7,34.99
2021-10-15,strength,31.5,
2021-10-16,run,21.8,5.01
2021-10-17,ride,72.1,35.04
2021-10-17,run,55.0,12.29
2021-10-17,strength,32.4,
2021-10-18,ride,57.9,26.20
2021-10-18,run,40.3,9.13
2021-10-19,run,24.1,5.39
2021-10-20,ride,59.5,30.91
2021-10-20,run,51.0,11.97
2021-10-20,strength,33.1,
2021-10-21,ride,87.0,47.13
2021-10-22,strength,32.8,
2021-10-23,ride,72.0,35.08
2021-10-23,run,41.9,9.77
2021-10-25,strength,32.9,
2021-10-27,strength,34.4,
2021-10-28,ride,152.9,71.75
2021-10-29,ride,126.8,62.11
2021-10-30,ride,73.2,36.43
2021-10-30,strength,35.5,
2021-10-31,ride,107.7,57.24
2021-11-01,strength,35.3,
2021-11-02,run,50.6,11.44
2021-11-03,ride,58.4,30.33
2021-11-03,strength,36.0,
2021-11-04,ride,71.5,36.32
2021-11-05,ride,64.6,31.11
2021-11-05,run,27.0,6.23
2021-11-06,ride,74.7,35.86
2021-11-07,run,58.8,13.20
2021-11-08,strength,34.6,
2021-11-10,strength,35.4,
2021-11-11,ride,50.8,26.06
2021-11-12,run,33.8,7.82
2021-11-15,indoor_ride,4.1,
2021-11-15,indoor_ride,44.7,
2021-11-15,run,39.0,9.25
2021-11-15,strength,35.8,
2021-11-16,indoor_ride,60.1,
2021-11-17,indoor_ride,65.3,
2021-11-17,run,47.3,10.21
2021-11-17,strength,35.6,
2021-11-18,indoor_ride,62.6,
2021-11-18,run,41.6,9.03
2021-11-19,ride,97.3,50.88
2021-11-20,run,57.6,11.98
2021-11-20,strength,35.6,
2021-11-21,ride,70.4,34.54
2021-11-22,indoor_ride,48.1,
2021-11-22,run,49.8,10.67
2021-11-22,strength,36.6,
2021-11-23,indoor_ride,77.1,
2021-11-23,run,36.7,7.64
2021-11-24,indoor_ride,39.8,
2021-11-24,indoor_ride,52.1,
2021-11-24,run,41.3,8.73
2021-11-25,indoor_ride,58.1,
2021-11-26,indoor_ride,63.9,
2021-11-26,run,32.9,7.73
2021-11-26,strength,36.1,
2021-11-27,indoor_ride,68.5,
2021-11-27,run,49.0,11.04
2021-11-29,indoor_ride,71.1,
2021-11-29,run,47.3,10.64
2021-11-29,strength,36.2,
2021-11-30,indoor_ride,60.3,
2021-11-30,run,40.6,8.90
2021-12-01,indoor_ride,61.2,
2021-12-01,run,41.0,8.75
2021-12-01,strength,35.8,
2021-12-02,indoor_ride,66.3,
2021-12-03,indoor_ride,63.3,
2021-12-03,run,48.9,10.56
2021-12-04,indoor_ride,68.3,
2021-12-04,run,35.4,7.73
2021-12-05,strength,35.8,
2021-12-06,indoor_ride,65.2,
2021-12-06,run,52.0,11.95
2021-12-07,indoor_ride,68.2,
2021-12-07,strength,36.8,
2021-12-08,indoor_ride,70.2,
2021-12-08,run,39.3,8.79
2021-12-09,indoor_ride,60.1,
2021-12-09,run,49.8,10.58
2021-12-10,indoor_ride,75.4,
2021-12-10,strength,36.8,
2021-12-11,indoor_ride,70.3,
2021-12-11,run,40.3,8.70
2021-12-12,indoor_ride,79.3,
2021-12-12,run,50.2,11.13
2021-12-13,indoor_ride,75.2,
2021-12-13,strength,36.0,
2021-12-14,indoor_ride,70.3,
2021-12-14,run,39.3,9.07
2021-12-16,indoor_ride,68.1,
2021-12-16,run,50.8,11.08
2021-12-17,indoor_ride,78.9,
2021-12-17,run,34.6,7.57
2021-12-18,indoor_ride,74.9,
2021-12-18,run,41.0,9.36
2021-12-18,strength,35.2,
2021-12-19,indoor_ride,83.4,
2021-12-19,run,30.7,6.80
2021-12-20,indoor_ride,60.2,
2021-12-21,indoor_ride,100.3,
2021-12-21,run,50.2,11.03
2021-12-22,indoor_ride,62.4,
2021-12-22,run,48.6,10.90
2021-12-22,strength,35.7,
2021-12-23,indoor_ride,61.4,
2021-12-23,run,47.0,10.62
2021-12-24,indoor_ride,66.7,
2021-12-24,run,48.0,11.14
2021-12-24,strength,35.1,
2021-12-26,indoor_ride,15.1,
2021-12-26,walk,34.4,
2021-12-31,indoor_ride,31.3,
2022-01-03,indoor_ride,62.2,
2022-01-03,run,50.8,10.58
2022-01-04,indoor_ride,64.3,
2022-01-04,strength,35.3,
2022-01-05,indoor_ride,60.5,
2022-01-06,indoor_ride,77.5,
2022-01-06,run,47.0,10.45
2022-01-06,strength,34.8,
2022-01-07,indoor_ride,63.2,
2022-01-08,indoor_ride,76.0,
2022-01-08,strength,35.5,
2022-01-09,indoor_ride,46.6,
2022-01-09,run,53.5,11.07
2022-01-10,indoor_ride,68.0,
2022-01-10,run,23.6,5.73
2022-01-11,indoor_ride,46.6,
2022-01-12,indoor_ride,57.0,
2022-01-12,run,47.9,10.68
2022-01-13,indoor_ride,60.3,
2022-01-13,run,35.5,7.72
2022-01-13,strength,34.6,
2022-01-14,indoor_ride,49.5,
2022-01-14,run,33.4,7.27
2022-01-15,indoor_ride,72.0,
2022-01-15,run,50.6,10.99
2022-01-16,indoor_ride,45.2,
2022-01-17,indoor_ride,51.9,
2022-01-17,run,31.8,6.96
2022-01-17,strength,34.8,
2022-01-18,indoor_ride,59.3,
2022-01-19,indoor_ride,63.2,
2022-01-19,run,67.6,14.89
2022-01-20,indoor_ride,60.2,
2022-01-21,indoor_ride,56.2,
2022-01-21,run,48.7,10.64
2022-01-21,strength,35.2,
2022-01-22,indoor_ride,54.8,
2022-01-22,run,108.3,22.76
2022-01-23,indoor_ride,30.2,
2022-01-24,indoor_ride,60.4,
2022-01-24,run,49.9,11.09
2022-01-25,indoor_ride,70.7,
2022-01-26,indoor_ride,72.1,
2022-01-26,run,64.9,13.45
2022-01-27,indoor_ride,64.2,
2022-01-28,indoor_ride,60.5,
2022-01-28,run,50.0,10.58
2022-01-28,strength,36.2,
2022-01-29,indoor_ride,71.7,
2022-01-29,run,52.8,10.93
2022-01-30,indoor_ride,60.2,
2022-01-30,run,25.4,5.67
2022-01-31,indoor_ride,60.2,
2022-01-31,strength,33.8,
2022-02-01,indoor_ride,31.0,
2022-02-01,indoor_ride,68.1,
2022-02-01,run,23.4,5.44
2022-02-02,indoor_ride,71.7,
2022-02-02,run,50.6,10.70
2022-02-03,indoor_ride,53.6,
2022-02-03,run,35.2,7.65
2022-02-04,indoor_ride,45.0,
2022-02-04,strength,33.8,
2022-02-05,indoor_ride,60.6,
2022-02-05,run,51.3,11.15
2022-02-06,indoor_ride,62.8,
2022-02-07,indoor_ride,67.7,
2022-02-07,run,71.0,15.51
2022-02-08,indoor_ride,59.7,
2022-02-08,run,29.6,6.25
2022-02-08,strength,32.9,
2022-02-09,indoor_ride,60.5,
2022-02-09,run,55.4,12.19
2022-02-10,indoor_ride,69.4,
2022-02-10,strength,32.7,
2022-02-11,indoor_ride,62.8,
2022-02-11,run,54.5,11.82
2022-02-12,indoor_ride,54.5,
2022-02-12,run,103.4,21.76
2022-02-13,indoor_ride,61.0,
2022-02-13,run,52.6,11.02
2022-02-14,indoor_ride,54.4,
2022-02-14,run,67.4,14.37
2022-02-15,indoor_ride,66.3,
2022-02-15,run,67.0,14.46
2022-02-16,indoor_ride,61.7,
2022-02-16,strength,34.3,
2022-02-17,indoor_ride,62.1,
2022-02-17,run,68.1,14.38
2022-02-18,indoor_ride,59.0,
2022-02-18,indoor_ride,64.6,
2022-02-19,indoor_ride,56.3,
2022-02-20,indoor_ride,60.5,
2022-02-20,strength,35.3,
2022-02-21,indoor_ride,62.7,
2022-02-22,indoor_ride,60.0,
2022-02-22,run,52.0,11.13
2022-02-22,strength,34.4,
2022-02-23,indoor_ride,59.5,
2022-02-23,indoor_ride,60.2,
2022-02-24,indoor_ride,59.0,
2022-02-24,indoor_ride,60.2,
2022-02-25,indoor_ride,58.7,
2022-02-25,strength,35.6,
2022-02-26,indoor_ride,109.6,
2022-02-26,run,51.2,10.78
2022-02-27,indoor_ride,49.8,
2022-02-27,indoor_ride,60.6,
2022-02-28,indoor_ride,63.1,
2022-02-28,run,52.5,11.07
2022-02-28,strength,35.6,
2022-03-01,indoor_ride,96.5,
2022-03-02,indoor_ride,60.7,
2022-03-02,run,52.8,11.06
2022-03-03,indoor_ride,63.3,
2022-03-03,run,62.2,13.55
2022-03-05,indoor_ride,63.9,
2022-03-05,run,49.6,11.39
2022-03-05,strength,36.1,
2022-03-06,indoor_ride,51.7,
2022-03-06,run,51.4,11.05
2022-03-07,indoor_ride,97.1,
2022-03-08,indoor_ride,59.1,
2022-03-08,run,51.2,11.04
2022-03-09,indoor_ride,62.5,
2022-03-09,run,68.2,15.41
2022-03-09,strength,34.3,
2022-03-10,indoor_ride,63.1,
2022-03-11,indoor_ride,57.9,
2022-03-11,run,48.2,11.10
2022-03-12,indoor_ride,119.4,
2022-03-12,run,51.4,11.07
2022-03-13,indoor_ride,56.9,
2022-03-13,run,48.2,10.58
2022-03-13,strength,33.8,
2022-03-15,indoor_ride,85.1,
2022-03-16,indoor_ride,54.6,
2022-03-16,run,43.5,9.35
2022-03-17,indoor_ride,24.5,
2022-03-17,indoor_ride,40.4,
2022-03-17,run,65.9,14.35
2022-03-18,indoor_ride,60.2,
2022-03-18,run,65.7,14.41
2022-03-18,strength,34.5,
2022-03-19,indoor_ride,70.4,
2022-03-19,run,100.5,21.83
2022-03-20,indoor_ride,61.1,
2022-03-21,ride,209.3,103.90
2022-03-21,run,64.0,13.90
2022-03-22,ride,82.1,41.93
2022-03-22,run,58.1,12.88
2022-03-23,ride,166.9,81.02
2022-03-23,run,61.2,13.43
2022-03-24,run,24.9,5.48
2022-03-24,strength,35.4,
2022-03-25,ride,106.5,51.10
2022-03-25,run,35.4,7.84
2022-03-26,ride,108.9,51.72
2022-03-26,run,56.5,12.81
2022-03-27,ride,91.0,41.58
2022-03-27,run,35.8,8.18
2022-03-28,ride,49.0,21.74
2022-03-28,run,48.2,10.57
2022-03-28,strength,38.1,
2022-03-30,indoor_ride,26.1,
2022-03-30,indoor_ride,30.0,
2022-03-31,indoor_ride,55.4,
2022-03-31,strength,34.6,
2022-04-01,indoor_ride,37.8,
2022-04-01,indoor_ride,54.6,
2022-04-01,indoor_ride,55.0,
2022-04-02,indoor_ride,92.3,
2022-04-02,run,49.4,10.59
2022-04-03,indoor_ride,114.3,
2022-04-04,indoor_ride,30.1,
2022-04-04,indoor_ride,75.6,
2022-04-05,indoor_ride,65.3,
2022-04-05,run,58.5,13.71
2022-04-05,strength,36.0,
2022-04-06,indoor_ride,20.8,
2022-04-06,indoor_ride,59.8,
2022-04-08,indoor_ride,13.0,
2022-04-08,indoor_ride,46.7,
2022-04-09,indoor_ride,30.0,
2022-04-09,strength,35.2,
2022-04-10,indoor_ride,60.4,
2022-04-12,indoor_ride,63.5,
2022-04-14,ride,137.1,65.46
2022-04-15,indoor_ride,14.5,
2022-04-15,indoor_ride,45.2,
2022-04-16,indoor_ride,68.6,
2022-04-18,indoor_ride,35.4,
2022-04-18,run,56.9,12.57
2022-04-18,strength,34.2,
2022-04-19,indoor_ride,60.2,
2022-04-19,run,51.2,10.67
2022-04-20,indoor_ride,69.0,
2022-04-20,strength,34.4,
2022-04-21,indoor_ride,58.8,
2022-04-22,indoor_ride,16.2,
2022-04-22,indoor_ride,37.9,
2022-04-22,run,50.0,10.81
2022-04-23,ride,108.1,51.48
2022-04-23,run,33.0,7.30
2022-04-24,ride,185.3,87.14
2022-04-24,run,58.8,12.86
2022-04-26,ride,107.8,50.83
2022-04-26,run,32.7,7.27
2022-04-26,strength,36.6,
2022-04-27,ride,107.6,51.14
2022-04-27,run,33.0,7.27
2022-04-28,ride,113.9,52.78
2022-04-28,run,31.9,7.19
2022-04-29,run,23.8,5.33
2022-05-01,ride,108.7,50.89
2022-05-01,run,60.3,13.03
2022-05-02,ride,104.5,50.84
2022-05-02,run,23.8,5.36
2022-05-03,ride,111.7,51.03
2022-05-03,run,27.9,6.15
2022-05-03,strength,36.2,
2022-05-04,ride,86.4,41.14
2022-05-05,ride,104.0,50.91
2022-05-05,run,36.2,8.72
2022-05-06,ride,91.6,43.63
2022-05-06,run,40.6,8.73
2022-05-06,strength,32.9,
2022-05-07,ride,81.8,41.14
2022-05-07,run,40.2,8.77
2022-05-08,ride,91.2,43.95
2022-05-08,run,25.3,5.58
2022-05-08,strength,34.2,
2022-05-09,ride,161.5,80.68
2022-05-09,run,33.8,7.33
2022-05-10,run,38.7,8.72
2022-05-11,ride,103.3,50.83
2022-05-11,run,57.0,12.90
2022-05-11,strength,35.4,
2022-05-13,ride,93.4,43.45
2022-05-13,run,47.9,10.38
2022-05-14,ride,213.4,106.35
2022-05-14,run,47.7,10.62
2022-05-15,ride,90.4,43.57
2022-05-15,run,24.0,5.35
2022-05-15,strength,36.2,
2022-05-17,ride,149.9,73.41
2022-05-17,run,61.5,13.15
2022-05-18,ride,149.0,73.47
2022-05-18,run,23.8,5.14
2022-05-18,strength,34.7,
2022-05-19,ride,60.0,31.59
2022-05-20,run,38.4,8.70
2022-05-20,strength,37.4,
2022-05-21,ride,89.0,43.60
2022-05-21,run,53.3,11.67
2022-05-22,ride,143.3,72.81
2022-05-22,run,42.3,9.29
2022-05-22,strength,40.4,
2022-05-23,ride,85.3,43.83
2022-05-23,run,48.8,10.67
2022-05-24,ride,69.2,31.62
2022-05-24,strength,36.0,
2022-05-25,run,6.6,1.31
2022-05-25,run,34.9,8.93
2022-05-26,ride,74.4,31.72
2022-05-27,ride,87.9,43.39
2022-05-27,run,49.5,10.35
2022-05-28,ride,45.0,20.05
2022-05-28,run,39.1,8.80
2022-05-28,strength,36.5,
2022-05-29,run,105.9,22.82
2022-05-30,ride,152.4,72.30
2022-05-30,run,30.6,7.24
2022-05-31,ride,88.8,43.37
2022-05-31,run,31.0,7.20
2022-05-31,strength,41.4,
2022-06-02,run,33.4,7.32
2022-06-03,ride,93.2,44.41
2022-06-03,run,59.8,13.02
2022-06-04,ride,64.8,31.49
2022-06-04,strength,35.5,
2022-06-05,run,44.3,9.95
2022-06-06,run,32.0,7.27
2022-06-06,strength,36.5,
2022-06-07,ride,219.7,107.81
2022-06-08,run,59.7,13.01
2022-06-08,strength,36.6,
2022-06-09,ride,87.7,43.20
2022-06-09,run,48.6,10.63
2022-06-10,ride,56.0,24.89
2022-06-10,ride,104.2,49.63
2022-06-11,ride,43.9,20.64
2022-06-11,run,129.4,28.19
2022-06-12,ride,64.8,31.49
2022-06-12,run,71.2,14.87
2022-06-12,strength,36.0,
2022-06-13,ride,90.8,43.24
2022-06-14,ride,86.7,43.29
2022-06-14,run,71.1,14.88
2022-06-14,strength,34.6,
2022-06-15,ride,105.4,50.75
2022-06-15,run,70.3,14.86
2022-06-16,strength,28.7,
2022-06-17,ride,94.3,43.21
2022-06-18,ride,86.9,43.18
2022-06-18,run,49.2,10.44
2022-06-19,ride,92.1,43.24
2022-06-19,run,21.1,4.87
2022-06-19,walk,90.1,
2022-06-20,run,46.8,10.60
2022-06-21,ride,228.4,112.13
2022-06-22,ride,86.3,43.48
2022-06-22,run,21.3,5.37
2022-06-23,ride,63.9,31.65
2022-06-23,run,48.8,10.68
2022-06-23,strength,35.6,
2022-06-24,ride,41.6,20.63
2022-06-25,ride,85.9,43.17
2022-06-25,run,69.2,14.91
2022-06-26,ride,101.6,49.64
2022-06-26,run,66.2,14.84
2022-06-26,strength,36.1,
2022-06-27,ride,64.7,32.11
2022-06-28,ride,143.0,70.64
2022-06-28,run,68.4,14.94
2022-06-28,strength,36.4,
2022-06-29,ride,144.4,70.63
2022-06-29,run,76.1,16.17
2022-06-30,ride,64.4,31.42
2022-06-30,run,25.2,6.24
2022-06-30,strength,35.6,
2022-07-01,run,119.4,26.50
2022-07-02,ride,142.8,72.05
2022-07-02,run,72.4,16.01
2022-07-02,strength,35.7,
2022-07-03,ride,85.7,43.06
2022-07-03,run,70.6,15.81
2022-07-04,run,37.0,8.39
2022-07-05,ride,113.4,56.58
2022-07-05,strength,38.3,
2022-07-06,ride,152.7,75.29
2022-07-07,ride,127.3,61.61
2022-07-08,run,81.5,19.02
2022-07-09,ride,77.8,39.86
2022-07-09,strength,37.4,
2022-07-10,run,74.1,16.67
2022-07-11,strength,37.1,
2022-07-12,run,67.1,15.44
2022-07-13,ride,104.4,55.45
2022-07-13,strength,39.0,
2022-07-14,ride,124.6,59.84
2022-07-14,run,41.5,9.51
2022-07-15,ride,132.8,67.23
2022-07-17,ride,60.8,29.41
2022-07-17,run,84.5,18.29
2022-07-18,ride,117.9,54.88
2022-07-18,run,47.9,10.85
2022-07-18,strength,38.7,
2022-07-19,ride,85.6,49.73
2022-07-19,run,47.9,10.89
2022-07-20,ride,120.6,60.96
2022-07-20,run,53.2,11.76
2022-07-21,ride,86.7,49.77
2022-07-21,run,28.7,6.51
2022-07-21,strength,38.9,
2022-07-22,ride,19.0,9.00
2022-07-22,ride,106.2,51.37
2022-07-23,run,51.6,11.39
2022-07-24,run,102.6,22.14
2022-07-24,strength,38.8,
2022-07-25,ride,309.0,144.51
2022-07-25,walk,71.6,
2022-07-27,ride,99.2,50.93
2022-07-27,run,77.7,17.12
2022-07-27,strength,38.9,
2022-07-28,ride,114.2,61.22
2022-07-28,run,57.8,13.29
2022-07-29,run,42.4,9.45
2022-08-01,ride,125.9,62.33
2022-08-01,run,74.2,16.86
2022-08-01,strength,39.9,
2022-08-02,ride,48.0,26.96
2022-08-02,run,37.8,9.10
2022-08-03,ride,248.1,116.88
2022-08-03,strength,38.9,
2022-08-03,walk,26.3,
2022-08-04,ride,75.5,38.75
2022-08-04,run,42.9,9.47
2022-08-05,ride,127.9,69.28
2022-08-05,run,37.1,8.42
2022-08-05,strength,37.0,
2022-08-06,run,23.9,5.32
2022-08-07,ride,103.2,49.52
2022-08-07,run,62.6,14.21
2022-08-07,strength,38.8,
2022-08-07,walk,31.3,
2022-08-08,ride,76.9,39.36
2022-08-08,run,37.6,8.51
2022-08-09,ride,58.3,31.97
2022-08-09,strength,39.5,
2022-08-10,ride,55.4,29.32
2022-08-10,run,43.3,9.90
2022-08-11,ride,62.5,31.98
2022-08-11,strength,38.5,
2022-08-12,run,43.6,9.78
2022-08-13,ride,84.4,43.99
2022-08-13,strength,38.9,
2022-08-14,ride,109.0,51.23
2022-08-14,run,36.8,8.49
2022-08-14,walk,40.2,
2022-08-15,ride,76.4,38.29
2022-08-16,ride,101.4,51.08
2022-08-16,run,54.7,12.19
2022-08-16,strength,37.8,
2022-08-17,run,49.0,10.74
2022-08-18,ride,88.6,43.08
2022-08-18,run,54.4,11.93
2022-08-18,strength,38.0,
2022-08-19,ride,52.8,24.22
2022-08-20,ride,73.7,36.30
2022-08-21,ride,84.3,37.59
2022-08-21,run,103.4,23.07
2022-08-22,ride,97.0,49.64
2022-08-22,run,21.4,5.42
2022-08-23,ride,56.8,29.45
2022-08-24,ride,53.6,31.98
2022-08-24,strength,38.4,
2022-08-25,ride,152.7,75.20
2022-08-25,run,63.8,14.45
2022-08-26,ride,137.8,66.29
2022-08-26,strength,37.1,
2022-08-26,walk,25.5,
2022-08-27,ride,135.9,64.33
2022-08-27,run,51.3,12.04
2022-08-28,ride,70.5,38.75
2022-08-29,strength,38.4,
2022-08-29,walk,16.2,
2022-08-29,walk,22.7,
2022-08-29,walk,38.8,
2022-08-29,walk,51.1,
2022-08-30,walk,16.6,
2022-08-30,walk,46.7,
2022-08-30,walk,101.0,
2022-08-31,walk,14.9,
2022-08-31,walk,21.0,
2022-08-31,walk,23.5,
2022-08-31,walk,66.2,
2022-09-01,ride,58.3,28.40
2022-09-02,ride,85.8,41.23
2022-09-03,ride,96.8,49.62
2022-09-03,run,39.8,8.93
2022-09-04,ride,83.4,40.98
2022-09-04,run,51.9,11.67
2022-09-05,strength,37.8,
2022-09-06,ride,42.0,18.67
2022-09-06,run,63.8,14.15
2022-09-07,ride,25.1,12.76
2022-09-07,run,54.1,11.77
2022-09-07,strength,36.9,
2022-09-08,run,61.9,13.70
2022-09-09,run,26.9,6.28
2022-09-10,run,140.3,30.84
2022-09-10,strength,39.9,
2022-09-11,ride,208.3,101.87
2022-09-12,ride,67.8,32.56
2022-09-12,run,39.6,8.93
2022-09-13,run,24.6,5.55
2022-09-13,strength,38.0,
2022-09-16,run,49.6,11.91
2022-09-17,ride,27.6,11.55
2022-09-17,ride,31.9,11.39
2022-09-17,strength,37.3,
2022-09-18,run,38.5,8.97
2022-09-19,run,56.5,13.14
2022-09-20,ride,52.5,24.81
2022-09-20,run,39.1,8.93
2022-09-20,strength,40.7,
2022-09-21,ride,105.5,52.03
2022-09-21,run,28.6,6.46
2022-09-22,ride,103.7,49.64
2022-09-22,run,24.5,5.59
2022-09-23,ride,66.1,32.21
2022-09-23,strength,43.8,
2022-09-24,run,79.6,17.97
2022-09-25,ride,88.6,43.20
2022-09-25,run,58.5,12.59
2022-09-25,strength,49.1,
2022-09-26,run,38.8,8.92
2022-09-27,run,23.2,5.02
2022-09-27,strength,49.4,
2022-09-28,ride,67.6,32.04
2022-09-28,run,60.8,14.89
2022-09-29,ride,109.4,51.92
2022-09-29,strength,47.7,
2022-09-30,ride,58.8,25.39
2022-09-30,ride,66.8,25.25
2022-09-30,run,47.8,10.42
2022-10-01,ride,109.4,49.66
2022-10-01,run,26.8,5.93
2022-10-02,ride,109.1,51.52
2022-10-02,run,51.6,11.25
2022-10-03,ride,123.1,55.90
2022-10-03,strength,47.1,
2022-10-03,walk,36.6,
2022-10-04,walk,27.5,
2022-10-05,ride,70.8,33.25
2022-10-06,ride,86.4,41.94
2022-10-06,run,46.1,10.25
2022-10-07,ride,36.0,15.74
2022-10-07,ride,39.4,15.43
2022-10-07,run,23.7,5.54
2022-10-07,strength,48.2,
2022-10-08,ride,70.8,32.92
2022-10-08,run,61.1,14.04
2022-10-09,ride,93.5,44.76
2022-10-09,run,37.8,8.61
2022-10-09,strength,47.9,
2022-10-10,ride,73.8,34.45
2022-10-10,run,46.2,10.36
2022-10-11,ride,108.6,53.39
2022-10-11,run,46.1,10.38
2022-10-11,strength,49.0,
2022-10-11,walk,23.3,
2022-10-11,walk,23.7,
2022-10-12,ride,70.5,34.22
2022-10-12,run,46.0,10.36
2022-10-13,run,33.7,7.42
2022-10-14,ride,72.3,34.15
2022-10-14,run,20.4,5.44
2022-10-14,strength,47.1,
2022-10-15,ride,66.2,30.29
2022-10-15,run,100.4,22.66
2022-10-16,ride,125.0,57.68
2022-10-17,ride,61.5,30.30
2022-10-17,run,28.4,6.39
2022-10-17,strength,50.8,
2022-10-18,ride,122.2,55.30
2022-10-18,run,64.2,14.70
2022-10-19,run,55.3,13.01
2022-10-19,strength,49.4,
2022-10-20,ride,112.6,52.87
2022-10-20,run,46.5,10.36
2022-10-21,ride,62.8,27.50
2022-10-21,ride,67.0,27.72
2022-10-21,run,22.8,5.18
2022-10-22,ride,73.0,34.77
2022-10-22,run,64.6,14.88
2022-10-23,ride,48.2,22.02
2022-10-23,run,27.5,6.54
2022-10-23,strength,49.9,
2022-10-24,run,152.1,34.46
2022-10-25,ride,76.3,34.77
2022-10-25,run,46.0,10.33
2022-10-26,ride,47.8,21.91
2022-10-26,strength,49.3,
2022-10-27,ride,57.3,25.65
2022-10-27,run,32.4,7.33
2022-10-28,walk,19.2,
2022-10-28,walk,23.9,
2022-10-29,ride,141.7,69.11
2022-10-29,run,57.6,13.15
2022-10-30,ride,72.9,34.69
2022-10-30,run,26.9,6.25
2022-10-30,strength,49.7,
2022-10-31,ride,95.0,44.97
2022-10-31,run,76.3,17.15
2022-11-01,run,40.8,9.61
2022-11-01,strength,49.2,
2022-11-02,run,27.0,6.26
2022-11-03,run,32.3,7.33
2022-11-04,ride,95.6,44.49
2022-11-04,run,40.6,10.35
2022-11-05,ride,73.9,32.96
2022-11-05,run,54.3,12.66
2022-11-06,run,56.4,13.11
2022-11-06,strength,49.8,
2022-11-07,run,29.5,6.74
2022-11-08,ride,75.7,33.72
2022-11-08,run,33.0,7.43
2022-11-09,run,46.0,10.35
2022-11-09,strength,50.1,
2022-11-10,ride,72.2,31.82
2022-11-10,run,33.3,7.30
2022-11-11,ride,67.7,27.49
2022-11-11,ride,68.4,29.76
2022-11-12,run,36.4,9.92
2022-11-13,ride,182.4,81.48
2022-11-14,indoor_ride,10.6,
2022-11-14,indoor_ride,35.4,
2022-11-14,run,23.8,5.57
2022-11-15,indoor_ride,34.6,
2022-11-16,ride,64.9,28.91
2022-11-16,ride,72.4,27.62
2022-11-17,indoor_ride,61.8,
2022-11-18,indoor_ride,47.4,
2022-11-18,indoor_ride,62.8,
2022-11-19,indoor_ride,73.2,
2022-11-19,run,52.4,11.76
2022-11-20,indoor_ride,122.3,
2022-11-20,strength,51.6,
2022-11-21,indoor_ride,60.7,
2022-11-21,run,45.9,10.40
2022-11-22,indoor_ride,67.2,
2022-11-22,run,45.4,10.38
2022-11-23,indoor_ride,65.1,
2022-11-23,run,45.4,10.41
2022-11-23,strength,48.5,
2022-11-24,indoor_ride,50.2,
2022-11-24,ride,43.7,18.03
2022-11-24,ride,44.0,16.49
2022-11-24,run,45.8,10.39
2022-11-25,indoor_ride,13.3,
2022-11-25,indoor_ride,47.9,
2022-11-25,run,51.0,11.80
2022-11-25,strength,48.4,
2022-11-26,indoor_ride,61.2,
2022-11-26,run,98.2,22.13
2022-11-27,indoor_ride,40.1,
2022-11-27,strength,48.1,
2022-11-28,indoor_ride,61.4,
2022-11-28,walk,97.2,
2022-11-29,indoor_ride,47.4,
2022-11-29,run,64.2,14.80
2022-11-30,indoor_ride,60.1,
2022-11-30,run,65.8,14.53
2022-11-30,strength,47.6,
2022-12-01,indoor_ride,64.4,
2022-12-01,run,68.5,14.93
2022-12-02,indoor_ride,60.2,
2022-12-02,run,42.1,10.41
2022-12-02,strength,47.7,
2022-12-03,indoor_ride,67.8,
2022-12-03,run,56.4,13.15
2022-12-04,indoor_ride,71.1,
2022-12-04,run,58.3,13.16
2022-12-04,strength,47.6,
2022-12-05,indoor_ride,60.0,
2022-12-05,run,46.4,10.44
2022-12-06,indoor_ride,63.0,
2022-12-06,run,57.9,13.14
2022-12-06,strength,45.6,
2022-12-07,indoor_ride,60.1,
2022-12-07,run,65.0,14.83
2022-12-08,indoor_ride,60.2,
2022-12-08,strength,47.6,
2022-12-09,indoor_ride,71.4,
2022-12-09,run,52.6,11.90
2022-12-10,indoor_ride,60.1,
2022-12-10,run,64.6,14.94
2022-12-11,indoor_ride,69.3,
2022-12-11,run,63.7,14.89
2022-12-11,strength,47.6,
2022-12-12,indoor_ride,80.4,
2022-12-12,walk,51.8,
2022-12-13,indoor_ride,68.1,
2022-12-13,run,65.0,14.99
2022-12-13,strength,48.0,
2022-12-14,indoor_ride,61.5,
2022-12-14,run,97.4,22.43
2022-12-14,walk,27.0,
2022-12-15,indoor_ride,63.6,
2022-12-15,run,45.4,10.42
2022-12-15,strength,48.7,
2022-12-16,indoor_ride,98.0,
2022-12-16,run,27.1,6.54
2022-12-17,indoor_ride,79.0,
2022-12-17,run,56.1,13.09
2022-12-18,indoor_ride,67.2,
2022-12-18,run,57.2,13.17
2022-12-18,strength,49.0,
2022-12-19,indoor_ride,75.6,
2022-12-19,run,46.1,10.44
2022-12-20,indoor_ride,61.8,
2022-12-20,run,70.4,16.05
2022-12-20,strength,49.3,
2022-12-21,indoor_ride,104.8,
2022-12-21,run,70.2,16.05
2022-12-22,indoor_ride,90.3,
2022-12-22,run,70.3,16.06
2022-12-22,walk,41.1,
2022-12-23,indoor_ride,40.0,
2022-12-23,run,70.0,15.99
2022-12-23,strength,50.7,
2022-12-24,indoor_ride,135.6,
2022-12-25,indoor_ride,114.0,
2022-12-25,strength,48.7,
2022-12-26,indoor_ride,208.5,
2022-12-27,indoor_ride,10.4,
2022-12-27,indoor_ride,105.8,
2022-12-27,run,51.4,11.57
2022-12-28,indoor_ride,120.4,
2022-12-28,strength,49.0,
2022-12-29,indoor_ride,84.1,
2022-12-29,run,28.8,6.46
2022-12-30,indoor_ride,61.2,
2022-12-30,indoor_ride,73.4,
2022-12-30,strength,51.0,
2023-01-01,indoor_ride,98.8,
2023-01-01,strength,46.7,
2023-01-02,indoor_ride,70.1,
2023-01-03,indoor_ride,98.7,
2023-01-04,indoor_ride,105.9,
2023-01-05,indoor_ride,118.8,
2023-01-06,indoor_ride,70.5,
2023-01-06,strength,49.1,
2023-01-07,indoor_ride,65.6,
2023-01-09,ride,59.2,25.84
2023-01-09,ride,67.5,26.34
2023-01-09,run,32.3,7.34
2023-01-09,strength,50.6,
2023-01-10,indoor_ride,65.6,
2023-01-10,run,47.8,10.81
2023-01-11,indoor_ride,63.6,
2023-01-11,run,58.6,13.17
2023-01-11,strength,50.9,
2023-01-12,indoor_ride,60.3,
2023-01-12,indoor_ride,77.1,
2023-01-14,indoor_ride,95.6,
2023-01-14,strength,51.0,
2023-01-15,indoor_ride,75.3,
2023-01-15,run,65.7,15.07
2023-01-16,indoor_ride,106.4,
2023-01-17,indoor_ride,60.1,
2023-01-17,run,100.3,22.52
2023-01-17,strength,50.1,
2023-01-18,indoor_ride,63.3,
2023-01-18,run,57.3,13.17
2023-01-19,indoor_ride,63.6,
2023-01-19,run,44.3,10.43
2023-01-19,strength,51.2,
2023-01-20,indoor_ride,109.0,
2023-01-21,indoor_ride,60.3,
2023-01-21,run,63.6,14.86
2023-01-21,strength,51.8,
2023-01-22,indoor_ride,63.3,
2023-01-22,run,54.9,13.15
2023-01-25,indoor_ride,64.0,
2023-01-25,run,51.0,12.00
2023-01-25,strength,50.6,
2023-01-26,indoor_ride,62.1,
2023-01-26,run,26.0,6.16
2023-01-27,indoor_ride,32.0,
2023-01-27,indoor_ride,38.0,
2023-01-27,run,104.6,23.39
2023-01-28,indoor_ride,60.1,
2023-01-28,run,122.1,27.59
2023-01-29,indoor_ride,90.0,
2023-01-29,strength,51.0,
2023-01-30,indoor_ride,114.4,
2023-01-31,walk,49.0,
2023-02-01,walk,48.2,
2023-02-01,walk,73.2,
2023-02-03,indoor_ride,58.0,
2023-02-03,run,70.7,15.91
2023-02-03,strength,51.6,
2023-02-04,indoor_ride,61.1,
2023-02-04,run,58.5,13.19
2023-02-05,indoor_ride,63.1,
2023-02-05,run,32.4,7.34
2023-02-06,ride,71.9,31.94
2023-02-06,run,104.3,23.46
2023-02-07,indoor_ride,63.3,
2023-02-07,strength,51.1,
2023-02-08,indoor_ride,6.8,
2023-02-08,indoor_ride,31.2,
2023-02-08,indoor_ride,56.8,
2023-02-08,run,44.2,10.18
2023-02-09,indoor_ride,45.2,
2023-02-09,run,48.6,11.96
2023-02-10,run,57.4,13.34
2023-02-11,ride,72.3,31.92
2023-02-11,run,57.8,13.15
2023-02-12,run,58.9,13.29
2023-02-13,ride,66.7,32.30
2023-02-13,run,49.3,11.41
2023-02-13,strength,49.4,
2023-02-14,run,64.3,14.92
2023-02-15,ride,110.7,53.54
2023-02-15,run,44.8,10.41
2023-02-16,indoor_ride,70.1,
2023-02-16,run,44.3,10.50
2023-02-17,indoor_ride,91.7,
2023-02-17,run,46.4,10.39
2023-02-18,indoor_ride,60.0,
2023-02-18,run,44.6,10.48
2023-02-18,strength,50.8,
2023-02-19,indoor_ride,92.4,
2023-02-19,run,58.5,13.17
2023-02-21,indoor_ride,51.7,
2023-02-21,walk,66.2,
2023-02-22,indoor_ride,30.1,
2023-02-23,indoor_ride,75.5,
2023-02-23,run,63.6,14.91
2023-02-23,strength,52.0,
2023-02-24,indoor_ride,64.4,
2023-02-24,run,43.8,10.44
2023-02-25,indoor_ride,33.7,
2023-02-25,indoor_ride,39.2,
2023-02-25,run,66.7,14.84
2023-02-26,indoor_ride,120.1,
2023-02-27,indoor_ride,65.2,
2023-02-27,run,66.0,14.90
2023-02-28,indoor_ride,60.1,
2023-02-28,run,25.7,6.21
2023-02-28,strength,52.4,
2023-03-01,indoor_ride,30.6,
2023-03-01,indoor_ride,58.8,
2023-03-02,indoor_ride,30.3,
2023-03-02,run,56.3,13.18
2023-03-03,indoor_ride,76.1,
2023-03-03,run,51.6,13.04
2023-03-04,indoor_ride,60.0,
2023-03-04,strength,50.0,
2023-03-05,indoor_ride,99.2,
2023-03-05,run,63.2,14.83
2023-03-06,indoor_ride,60.1,
2023-03-06,run,62.3,14.84
2023-03-07,indoor_ride,77.2,
2023-03-07,strength,53.6,
2023-03-08,indoor_ride,60.2,
2023-03-08,run,51.5,13.15
2023-03-09,indoor_ride,60.8,
2023-03-09,run,23.8,5.62
2023-03-10,indoor_ride,83.0,
2023-03-10,strength,54.4,
2023-03-11,indoor_ride,52.2,
2023-03-11,run,55.7,13.14
2023-03-12,indoor_ride,5.5,
2023-03-12,indoor_ride,73.6,
2023-03-13,indoor_ride,60.2,
2023-03-13,strength,53.4,
2023-03-14,indoor_ride,65.3,
2023-03-14,run,43.4,10.47
2023-03-15,indoor_ride,60.1,
2023-03-15,run,43.1,10.40
2023-03-15,strength,54.0,
2023-03-16,indoor_ride,63.6,
2023-03-17,ride,125.7,59.04
2023-03-17,run,52.4,13.10
2023-03-18,ride,77.0,34.52
2023-03-18,run,66.5,14.88
2023-03-19,indoor_ride,60.1,
2023-03-19,run,55.8,13.16
2023-03-19,strength,53.3,
2023-03-20,indoor_ride,60.2,
2023-03-21,indoor_ride,60.2,
2023-03-21,run,100.1,23.22
2023-03-22,indoor_ride,57.6,
2023-03-22,indoor_ride,58.0,
2023-03-22,run,22.9,5.58
2023-03-23,run,56.2,13.11
2023-03-24,walk,45.9,
2023-03-24,walk,49.3,
2023-03-25,indoor_ride,22.8,
2023-03-25,indoor_ride,34.6,
2023-03-26,indoor_ride,60.3,
2023-03-26,run,55.1,13.18
2023-03-26,strength,53.2,
2023-03-27,indoor_ride,61.9,
2023-03-27,run,23.4,5.55
2023-03-28,indoor_ride,64.6,
2023-03-28,run,45.2,10.35
2023-03-28,strength,50.3,
2023-03-29,indoor_ride,59.6,
2023-03-29,run,63.0,15.01
2023-03-30,indoor_ride,5.3,
2023-03-30,indoor_ride,60.2,
2023-03-31,indoor_ride,94.9,
2023-04-01,indoor_ride,77.6,
2023-04-01,run,18.2,5.02
2023-04-02,walk,68.8,
2023-04-03,indoor_ride,62.8,
2023-04-03,run,60.4,14.83
2023-04-04,indoor_ride,60.1,
2023-04-04,run,54.9,13.13
2023-04-04,strength,53.6,
2023-04-05,ride,23.4,9.20
2023-04-05,ride,101.3,48.03
2023-04-05,run,46.0,11.94
2023-04-06,indoor_ride,45.2,
2023-04-06,indoor_ride,64.3,
2023-04-06,run,26.8,6.18
2023-04-06,strength,50.2,
2023-04-07,indoor_ride,45.0,
2023-04-09,ride,150.4,67.91
2023-04-10,indoor_ride,60.1,
2023-04-11,ride,62.2,27.94
2023-04-11,run,31.9,7.25
2023-04-12,indoor_ride,60.2,
2023-04-12,run,43.5,10.20
2023-04-12,strength,52.1,
2023-04-13,indoor_ride,30.0,
2023-04-13,indoor_ride,60.0,
2023-04-13,run,46.8,10.86
2023-04-14,ride,56.0,25.55
2023-04-14,run,46.4,10.34
2023-04-15,walk,84.1,
2023-04-16,indoor_ride,60.2,
2023-04-16,run,53.0,12.94
2023-04-16,strength,52.3,
2023-04-17,ride,50.4,23.65
2023-04-17,ride,78.9,31.47
2023-04-17,run,42.4,10.38
2023-04-18,indoor_ride,60.1,
2023-04-19,run,22.8,5.60
2023-04-19,strength,51.8,
2023-04-19,walk,52.3,
2023-04-20,walk,96.6,
2023-04-21,ride,49.5,24.33
2023-04-22,indoor_ride,63.1,
2023-04-22,run,64.2,14.89
2023-04-22,strength,52.9,
2023-04-23,walk,54.8,
2023-04-24,indoor_ride,13.8,
2023-04-24,indoor_ride,45.0,
2023-04-25,indoor_ride,55.0,
2023-04-25,run,25.9,6.15
2023-04-25,strength,51.0,
2023-04-26,ride,25.9,11.22
2023-04-26,ride,26.6,10.95
2023-04-26,ride,68.4,32.42
2023-04-26,run,26.0,6.18
2023-04-27,indoor_ride,60.2,
2023-04-27,run,55.7,13.10
2023-04-27,strength,43.5,
2023-04-28,indoor_ride,60.4,
2023-04-28,indoor_ride,90.1,
2023-04-29,ride,87.4,43.93
2023-04-29,run,56.5,13.14
2023-04-30,ride,70.4,35.48
2023-04-30,ride,79.6,41.23
2023-04-30,run,48.3,11.33
2023-05-01,walk,99.6,
2023-05-02,ride,124.3,58.25
2023-05-02,run,31.6,7.25
2023-05-02,strength,49.0,
2023-05-03,ride,87.2,42.48
2023-05-03,run,44.6,10.41
2023-05-04,run,101.7,23.69
2023-05-04,walk,54.6,
2023-05-05,ride,105.3,53.45
2023-05-05,run,32.5,8.44
2023-05-05,strength,50.0,
2023-05-06,ride,51.4,24.65
2023-05-06,ride,85.0,38.79
2023-05-07,run,43.9,10.36
2023-05-07,strength,51.3,
2023-05-07,walk,48.0,
2023-05-08,run,47.0,11.09
2023-05-09,strength,50.8,
2023-05-10,run,189.1,43.55
2023-05-11,run,23.7,5.55
2023-05-11,strength,48.2,
2023-05-12,walk,129.8,
2023-05-13,ride,62.9,32.92
2023-05-13,run,96.3,22.77
2023-05-13,walk,21.2,
2023-05-14,ride,63.2,32.90
2023-05-14,run,44.1,10.42
2023-05-14,strength,50.4,
2023-05-15,run,43.7,10.28
2023-05-16,strength,51.8,
2023-05-16,walk,59.4,
2023-05-17,ride,69.6,33.01
2023-05-17,run,44.5,10.48
2023-05-18,ride,90.6,46.21
2023-05-18,run,17.3,4.95
2023-05-19,ride,65.3,32.91
2023-05-19,run,54.4,13.11
2023-05-19,strength,48.8,
2023-05-20,ride,68.1,35.78
2023-05-20,run,43.7,10.35
2023-05-21,ride,62.1,31.49
2023-05-21,run,55.6,13.12
2023-05-21,strength,49.7,
2023-05-22,walk,134.3,
2023-05-23,strength,54.0,
2023-05-24,ride,32.8,15.85
2023-05-24,ride,61.9,31.53
2023-05-24,ride,127.6,59.18
2023-05-25,ride,47.6,24.30
2023-05-25,ride,56.9,24.48
2023-05-25,run,76.2,17.73
2023-05-26,run,23.5,5.53
2023-05-26,strength,20.6,
2023-05-26,walk,54.2,
2023-05-27,ride,232.6,114.62
2023-05-28,run,101.0,23.21
2023-05-28,strength,46.7,
2023-05-29,ride,67.2,28.46
2023-05-29,run,64.1,14.89
2023-05-30,run,91.6,22.76
2023-05-31,ride,144.6,78.06
2023-05-31,run,22.9,5.36
2023-06-01,walk,63.3,
2023-06-02,ride,34.7,15.77
2023-06-02,ride,35.0,15.61
2023-06-02,run,55.0,13.06
2023-06-03,ride,115.1,58.51
2023-06-03,run,43.2,10.31
2023-06-04,ride,68.5,34.38
2023-06-04,run,22.8,5.56
2023-06-04,strength,49.8,
2023-06-05,ride,50.0,24.81
2023-06-05,ride,56.8,24.70
2023-06-11,ride,97.1,44.49
2023-06-12,ride,141.8,73.81
2023-06-12,run,34.8,8.22
2023-06-14,run,45.9,10.70
2023-06-15,ride,150.5,73.05
2023-06-15,run,46.6,10.70
2023-06-16,run,15.3,3.49
2023-06-18,ride,105.7,53.70
2023-06-19,ride,211.2,113.39
2023-06-19,run,47.3,11.43
2023-06-19,walk,21.9,
2023-06-20,ride,78.0,38.31
2023-06-20,run,24.3,5.59
2023-06-22,ride,137.7,75.02
2023-06-23,ride,73.4,40.71
2023-06-23,strength,54.8,
2023-06-25,ride,145.0,69.50
2023-06-25,strength,32.2,
2023-06-26,ride,114.4,61.55
2023-06-28,strength,49.1,
2023-06-28,walk,38.4,
2023-06-30,ride,155.4,76.23
2023-06-30,strength,50.9,
2023-07-01,ride,99.7,50.85
2023-07-02,ride,80.2,39.57
2023-07-02,strength,51.4,
2023-07-03,ride,139.6,73.26
2023-07-03,run,27.3,6.16
2023-07-03,walk,37.6,
2023-07-04,ride,146.8,77.57
2023-07-04,run,27.3,6.10
2023-07-05,run,27.1,6.16
2023-07-05,walk,43.7,
2023-07-06,ride,129.0,61.08
2023-07-06,run,27.5,6.12
2023-07-06,strength,52.1,
2023-07-06,walk,37.3,
2023-07-07,ride,111.1,59.79
2023-07-08,ride,212.8,106.70
2023-07-08,run,49.8,11.51
2023-07-09,ride,71.6,38.62
2023-07-09,run,26.4,6.13
2023-07-10,ride,116.7,58.17
2023-07-10,run,73.3,16.70
2023-07-11,ride,157.4,80.36
2023-07-11,strength,55.6,
2023-07-13,ride,61.8,31.20
2023-07-13,run,53.8,12.02
2023-07-14,ride,150.9,72.77
2023-07-14,run,52.5,12.04
2023-07-15,ride,225.0,113.35
2023-07-15,run,27.2,6.14
2023-07-15,strength,53.3,
2023-07-16,run,24.3,5.45
2023-07-17,ride,76.9,37.08
2023-07-17,run,56.3,12.51
2023-07-18,ride,104.5,54.28
2023-07-18,run,46.1,10.78
2023-07-18,walk,44.7,
2023-07-19,ride,138.2,65.49
2023-07-19,run,28.8,6.33
2023-07-19,strength,52.4,
2023-07-21,ride,217.2,105.96
2023-07-21,run,53.6,12.41
2023-07-22,run,37.1,8.35
2023-07-23,ride,66.6,38.61
2023-07-24,ride,118.4,58.32
2023-07-24,walk,48.0,
2023-07-25,run,23.7,5.31
2023-07-25,strength,37.9,
2023-07-25,walk,63.7,
2023-07-26,walk,20.3,
2023-07-27,ride,161.6,76.87
2023-07-27,run,69.2,15.89
2023-07-27,walk,48.9,
2023-07-28,strength,39.5,
2023-07-29,ride,110.4,55.51
2023-07-29,run,73.8,17.13
2023-07-30,ride,47.4,25.42
2023-07-30,run,51.7,11.60
2023-07-31,ride,238.0,121.03
2023-08-01,run,52.4,12.00
2023-08-01,walk,49.3,
2023-08-02,run,46.4,10.44
2023-08-02,walk,50.8,
2023-08-03,ride,78.9,40.68
2023-08-03,strength,49.6,
2023-08-04,ride,113.2,54.43
2023-08-04,walk,47.0,
2023-08-08,walk,39.9,
2023-08-10,ride,80.5,40.30
2023-08-10,strength,49.1,
2023-08-10,walk,48.8,
2023-08-11,ride,131.7,62.02
2023-08-11,run,47.2,10.66
2023-08-13,ride,109.6,52.47
2023-08-13,run,50.4,11.42
2023-08-14,ride,157.2,81.07
2023-08-14,run,25.8,6.10
2023-08-15,ride,92.5,50.33
2023-08-15,strength,50.2,
2023-08-16,ride,103.8,55.73
2023-08-16,run,24.1,5.29
2023-08-16,walk,43.9,
2023-08-17,ride,29.4,15.02
2023-08-18,run,37.3,8.45
2023-08-18,strength,50.2,
2023-08-19,ride,52.0,27.12
2023-08-20,ride,90.1,41.04
2023-08-20,run,52.8,12.38
2023-08-21,ride,124.6,63.21
2023-08-21,walk,45.4,
2023-08-22,ride,226.4,116.48
2023-08-22,walk,29.5,
2023-08-23,ride,79.2,40.86
2023-08-23,run,39.3,8.46
2023-08-23,walk,62.4,
2023-08-24,ride,187.8,88.19
2023-08-24,run,23.2,5.11
2023-08-24,strength,50.1,
2023-08-25,walk,22.1,
2023-08-25,walk,54.7,
2023-08-27,ride,64.5,33.07
2023-08-27,run,60.8,13.56
2023-08-28,strength,52.5,
2023-08-29,run,38.1,8.55
2023-08-29,walk,11.3,
2023-08-31,ride,60.3,32.15
2023-09-01,walk,41.1,
2023-09-02,ride,88.7,45.44
2023-09-02,run,72.4,16.34
2023-09-02,walk,45.9,
2023-09-03,ride,91.6,44.15
2023-09-03,run,38.4,8.60
2023-09-04,ride,63.4,28.72
2023-09-04,ride,67.1,30.09
2023-09-05,ride,59.4,27.93
2023-09-05,ride,106.8,47.34
2023-09-06,ride,59.7,27.90
2023-09-06,ride,91.2,44.93
2023-09-06,run,21.2,5.49
2023-09-07,ride,57.1,26.10
2023-09-07,ride,65.3,30.35
2023-09-07,strength,47.3,
2023-09-08,run,37.5,8.55
2023-09-09,ride,130.4,67.08
2023-09-10,run,44.9,10.38
2023-09-11,ride,58.0,27.66
2023-09-11,ride,60.0,27.91
2023-09-11,run,21.2,5.55
2023-09-13,ride,64.0,27.93
2023-09-13,ride,74.3,37.18
2023-09-14,run,100.3,23.26
2023-09-15,ride,60.2,27.85
2023-09-15,ride,60.3,27.59
2023-09-15,strength,50.0,
2023-09-16,ride,82.0,44.45
2023-09-16,run,47.3,10.62
2023-09-17,ride,27.8,12.54
2023-09-17,ride,46.9,23.03
2023-09-18,run,64.0,14.76
2023-09-19,run,20.9,5.59
2023-09-19,strength,49.7,
2023-09-20,run,64.2,14.91
2023-09-20,walk,30.4,
2023-09-21,run,65.6,15.44
2023-09-22,run,66.4,15.37
2023-09-22,walk,50.6,
2023-09-23,ride,52.0,24.31
2023-09-24,run,98.1,22.72
2023-09-24,strength,36.5,
2023-09-25,ride,89.8,40.89
2023-09-25,run,29.6,6.69
2023-09-25,walk,50.3,
2023-09-27,run,56.2,13.07
2023-09-28,run,63.8,14.82
2023-09-28,walk,128.8,
2023-09-29,ride,53.5,24.79
2023-09-29,run,66.4,16.02
2023-09-29,strength,36.6,
2023-10-01,ride,67.1,34.33
2023-10-01,run,65.6,14.89
2023-10-01,walk,51.8,
2023-10-02,ride,86.4,46.35
2023-10-02,run,56.8,13.08
2023-10-03,strength,51.0,
2023-10-03,walk,83.0,
2023-10-04,ride,62.2,33.40
2023-10-04,run,62.3,14.80
2023-10-05,ride,66.0,33.73
2023-10-05,run,31.6,7.24
2023-10-06,ride,30.6,12.59
2023-10-06,ride,35.3,13.92
2023-10-06,strength,37.0,
2023-10-06,walk,52.7,
2023-10-07,ride,30.3,16.09
2023-10-07,ride,40.1,18.47
2023-10-07,run,23.7,5.55
2023-10-07,walk,64.9,
2023-10-08,ride,79.8,41.28
2023-10-08,run,55.0,13.05
2023-10-08,walk,60.9,
2023-10-09,ride,65.4,35.49
2023-10-09,run,43.9,10.38
2023-10-09,walk,21.5,
2023-10-10,run,23.2,5.57
2023-10-10,strength,37.7,
2023-10-10,walk,67.0,
2023-10-11,run,39.6,10.03
2023-10-12,run,62.1,15.30
2023-10-12,strength,57.7,
2023-10-13,run,27.5,6.02
2023-10-14,ride,78.0,38.76
2023-10-14,run,50.0,11.72
2023-10-15,ride,67.6,35.32
2023-10-15,run,36.1,8.89
2023-10-16,walk,55.7,
2023-10-17,ride,206.6,104.12
2023-10-18,ride,89.9,46.51
2023-10-18,run,49.0,12.13
2023-10-18,strength,40.2,
2023-10-19,ride,60.8,30.80
2023-10-19,run,61.3,14.70
2023-10-20,run,50.2,12.06
2023-10-20,strength,38.1,
2023-10-21,run,37.0,8.86
2023-10-22,strength,39.3,
2023-10-23,run,48.4,11.95
2023-10-24,ride,205.0,104.36
2023-10-26,strength,39.2,
2023-10-27,ride,206.8,104.42
2023-10-27,run,51.8,11.80
2023-10-28,run,49.4,11.97
2023-10-29,ride,114.2,59.95
2023-10-30,walk,107.3,
2023-11-01,run,38.4,8.70
2023-11-01,walk,76.0,
2023-11-02,ride,76.3,40.69
2023-11-02,run,63.8,15.01
2023-11-03,run,25.0,5.84
2023-11-04,ride,134.4,61.93
2023-11-06,run,65.8,15.35
2023-11-07,ride,126.3,58.00
2023-11-08,run,64.7,15.09
2023-11-09,ride,119.6,60.58
2023-11-12,run,56.0,13.08
2023-11-12,walk,100.6,
2023-11-13,indoor_ride,15.6,
2023-11-13,indoor_ride,30.2,
2023-11-13,indoor_ride,40.2,
2023-11-13,strength,30.8,
2023-11-14,indoor_ride,60.2,
2023-11-14,run,23.7,5.51
2023-11-15,indoor_ride,65.3,
2023-11-15,ride,37.6,15.03
2023-11-15,ride,38.7,15.09
2023-11-15,walk,64.5,
2023-11-16,indoor_ride,91.0,
2023-11-17,indoor_ride,49.9,
2023-11-18,indoor_ride,60.4,
2023-11-18,strength,31.2,
2023-11-19,indoor_ride,160.3,
2023-11-19,run,44.4,10.33
2023-11-20,indoor_ride,100.5,
2023-11-20,run,32.2,7.72
2023-11-21,indoor_ride,48.5,
2023-11-21,walk,63.2,
2023-11-22,indoor_ride,60.3,
2023-11-22,run,21.5,5.53
2023-11-22,walk,26.3,
2023-11-22,walk,40.3,
2023-11-23,indoor_ride,65.8,
2023-11-24,indoor_ride,60.3,
2023-11-25,indoor_ride,207.0,
2023-11-25,run,22.9,5.54
2023-11-26,run,35.3,8.66
2023-11-26,strength,37.7,
2023-11-26,walk,64.4,
2023-11-27,indoor_ride,125.7,
2023-11-28,indoor_ride,60.1,
2023-11-28,run,36.3,8.66
2023-11-28,walk,54.5,
2023-11-29,indoor_ride,65.7,
2023-11-29,run,66.2,15.23
2023-11-29,strength,38.7,
2023-11-30,walk,40.2,
2023-11-30,walk,83.1,
2023-12-01,indoor_ride,60.9,
2023-12-01,walk,39.6,
2023-12-02,indoor_ride,60.1,
2023-12-02,run,70.1,16.34
2023-12-02,strength,36.7,
2023-12-03,indoor_ride,60.1,
2023-12-03,run,45.4,10.48
2023-12-03,walk,31.0,
2023-12-04,walk,46.1,
2023-12-05,indoor_ride,51.8,
2023-12-05,run,33.3,8.68
2023-12-05,strength,37.8,
2023-12-06,indoor_ride,45.2,
2023-12-06,run,67.0,15.35
2023-12-07,walk,98.9,
2023-12-08,indoor_ride,46.7,
2023-12-08,run,26.3,6.65
2023-12-08,strength,35.1,
2023-12-09,walk,71.3,
2023-12-10,indoor_ride,30.7,
2023-12-10,run,94.4,22.87
2023-12-11,indoor_ride,61.3,
2023-12-11,strength,38.2,
2023-12-11,walk,61.7,
2023-12-12,indoor_ride,45.1,
2023-12-12,ride,39.2,15.95
2023-12-12,ride,52.0,26.00
2023-12-12,run,27.3,6.67
2023-12-13,indoor_ride,60.2,
2023-12-13,walk,16.9,
2023-12-13,walk,23.0,
2023-12-14,ride,66.0,31.69
2023-12-14,run,65.1,15.04
2023-12-14,walk,18.8,
2023-12-14,walk,20.4,
2023-12-15,indoor_ride,65.8,
2023-12-16,indoor_ride,156.4,
2023-12-16,walk,32.4,
2023-12-17,run,45.2,10.42
2023-12-17,strength,38.4,
2023-12-18,walk,101.4,
2023-12-19,indoor_ride,76.6,
2023-12-19,run,28.0,6.69
2023-12-24,indoor_ride,10.8,
2023-12-24,indoor_ride,128.1,
2023-12-24,strength,39.3,
2023-12-25,indoor_ride,75.2,
2023-12-26,indoor_ride,42.6,
2023-12-26,indoor_ride,60.1,
2023-12-27,indoor_ride,15.1,
2023-12-27,indoor_ride,38.5,
2023-12-27,run,28.6,6.59
2023-12-28,walk,66.9,
2023-12-29,indoor_ride,29.7,
2023-12-29,indoor_ride,35.1,
2023-12-29,run,29.4,6.63
2023-12-30,strength,40.4,
2024-01-02,run,52.4,12.01
2024-01-06,indoor_ride,150.2,
2024-01-06,run,24.4,5.63
2024-01-06,walk,64.5,
2024-01-07,run,46.3,10.42
2024-01-07,walk,100.7,
2024-01-08,walk,59.2,
2024-01-09,indoor_ride,30.0,
2024-01-09,run,22.5,5.68
2024-01-10,run,28.0,6.70
2024-01-11,indoor_ride,48.3,
2024-01-11,run,64.6,14.99
2024-01-11,walk,56.4,
2024-01-12,walk,97.2,
2024-01-13,indoor_ride,97.9,
2024-01-13,run,65.6,15.40
2024-01-13,walk,32.4,
2024-01-14,walk,49.8,
2024-01-15,indoor_ride,60.3,
2024-01-15,run,45.0,10.75
2024-01-15,strength,36.6,
2024-01-16,indoor_ride,90.2,
2024-01-16,run,45.2,10.40
2024-01-17,indoor_ride,30.1,
2024-01-17,run,23.8,5.39
2024-01-18,indoor_ride,60.2,
2024-01-18,run,65.0,15.05
2024-01-19,run,44.7,10.37
2024-01-19,walk,62.7,
2024-01-20,walk,97.5,
2024-01-21,indoor_ride,90.1,
2024-01-21,run,37.8,9.62
2024-01-21,strength,35.6,
2024-01-22,indoor_ride,104.7,
2024-01-22,run,44.4,10.41
2024-01-23,indoor_ride,60.2,
2024-01-23,run,43.6,10.31
2024-01-23,strength,37.5,
2024-01-24,indoor_ride,90.2,
2024-01-24,walk,62.8,
2024-01-25,indoor_ride,65.2,
2024-01-25,run,41.2,10.42
2024-01-26,indoor_ride,105.1,
2024-01-26,run,46.4,10.51
2024-01-27,indoor_ride,41.9,
2024-01-27,indoor_ride,60.4,
2024-01-27,run,57.6,13.20
2024-01-28,run,31.7,7.37
2024-01-28,strength,37.5,
2024-01-28,walk,54.0,
2024-01-29,indoor_ride,75.2,
2024-01-29,run,102.0,23.78
2024-01-30,indoor_ride,60.4,
2024-01-30,run,48.2,11.38
2024-01-30,strength,37.9,
2024-01-31,indoor_ride,90.2,
2024-01-31,run,37.6,8.71
2024-01-31,walk,44.9,
2024-02-01,indoor_ride,65.2,
2024-02-01,run,55.9,13.18
2024-02-01,walk,40.2,
2024-02-02,indoor_ride,75.2,
2024-02-02,run,46.2,10.41
2024-02-03,walk,80.5,
2024-02-04,indoor_ride,90.9,
2024-02-04,run,47.9,11.27
2024-02-04,strength,38.6,
2024-02-05,indoor_ride,115.1,
2024-02-06,indoor_ride,60.3,
2024-02-06,strength,38.8,
2024-02-07,ride,50.3,25.57
2024-02-07,ride,54.3,25.69
2024-02-07,run,43.0,10.33
2024-02-08,indoor_ride,65.3,
2024-02-09,run,43.4,10.33
2024-02-10,indoor_ride,8.2,
2024-02-10,indoor_ride,47.6,
2024-02-10,walk,58.6,
2024-02-11,indoor_ride,90.2,
2024-02-11,run,41.4,10.40
2024-02-12,indoor_ride,75.2,
2024-02-12,run,42.8,10.40
2024-02-12,walk,61.3,
2024-02-13,indoor_ride,47.9,
2024-02-13,run,43.4,10.41
2024-02-14,indoor_ride,45.2,
2024-02-14,strength,38.6,
2024-02-15,indoor_ride,30.1,
2024-02-15,indoor_ride,40.1,
2024-02-15,run,43.6,10.39
2024-02-16,run,61.9,14.81
2024-02-17,indoor_ride,65.2,
2024-02-17,run,44.3,11.13
2024-02-18,indoor_ride,76.1,
2024-02-18,strength,39.2,
2024-02-19,walk,47.4,
2024-02-20,indoor_ride,75.6,
2024-02-20,run,64.6,15.38
2024-02-20,walk,37.7,
2024-02-21,indoor_ride,80.0,
2024-02-21,run,43.6,10.41
2024-02-22,indoor_ride,51.1,
2024-02-22,run,42.0,10.22
2024-02-22,walk,45.6,
2024-02-23,indoor_ride,55.2,
2024-02-23,run,28.8,6.81
2024-02-23,walk,58.9,
2024-02-24,indoor_ride,120.2,
2024-02-24,run,64.9,15.36
2024-02-25,run,48.4,11.62
2024-02-25,walk,43.7,
2024-02-25,walk,78.0,
2024-02-26,indoor_ride,70.2,
2024-02-26,strength,38.7,
2024-02-26,walk,52.6,
2024-02-27,indoor_ride,60.2,
2024-02-27,run,45.7,11.64
2024-02-27,walk,55.2,
2024-02-28,indoor_ride,60.2,
2024-02-28,run,44.3,11.54
2024-02-28,walk,61.8,
2024-02-29,ride,56.7,28.02
2024-02-29,ride,61.2,28.02
2024-02-29,run,43.2,10.35
2024-02-29,walk,55.6,
2024-03-01,indoor_ride,60.3,
2024-03-01,run,48.8,11.66
2024-03-01,strength,39.2,
2024-03-01,walk,42.2,
2024-03-02,ride,103.9,50.12
2024-03-02,run,63.6,15.43
2024-03-03,ride,83.9,43.08
2024-03-03,run,41.8,10.41
2024-03-03,walk,67.1,
2024-03-04,ride,167.1,82.95
2024-03-04,run,39.4,10.36
2024-03-04,walk,27.7,
2024-03-05,ride,27.9,11.36
2024-03-05,ride,118.8,54.00
2024-03-05,walk,46.3,
2024-03-06,ride,128.0,62.18
2024-03-06,run,42.3,10.29
2024-03-06,walk,68.4,
2024-03-07,ride,58.9,28.02
2024-03-07,ride,60.5,28.02
2024-03-07,run,45.2,11.51
2024-03-08,indoor_ride,65.2,
2024-03-08,run,43.7,10.30
2024-03-08,strength,39.9,
2024-03-08,walk,31.0,
2024-03-09,ride,84.8,42.77
2024-03-09,run,63.5,15.39
2024-03-09,walk,59.4,
2024-03-10,ride,83.6,41.11
2024-03-10,run,55.2,13.12
2024-03-10,strength,39.0,
2024-03-10,walk,40.3,
2024-03-11,walk,105.3,
2024-03-12,indoor_ride,80.2,
2024-03-13,ride,85.8,42.00
2024-03-13,run,44.7,11.28
2024-03-13,strength,39.0,
2024-03-14,ride,101.3,50.61
2024-03-14,run,62.5,15.34
2024-03-14,walk,26.4,
2024-03-14,walk,57.1,
2024-03-15,indoor_ride,17.8,
2024-03-15,indoor_ride,52.3,
2024-03-15,strength,41.3,
2024-03-15,walk,124.4,
2024-03-16,ride,92.6,45.51
2024-03-16,run,62.6,15.22
2024-03-17,indoor_ride,81.5,
2024-03-17,run,61.8,15.24
2024-03-17,strength,39.8,
2024-03-17,walk,60.7,
2024-03-18,ride,34.4,15.22
2024-03-18,run,21.6,5.61
2024-03-18,walk,95.2,
2024-03-18,walk,97.6,
2024-03-19,ride,88.6,45.24
2024-03-19,run,48.7,11.62
2024-03-19,walk,48.1,
2024-03-20,ride,65.4,32.43
2024-03-20,ride,68.2,32.30
2024-03-20,run,22.0,5.40
2024-03-20,walk,25.6,
2024-03-21,run,66.4,16.16
2024-03-21,walk,133.7,
2024-03-22,walk,85.3,
2024-03-23,indoor_ride,65.3,
2024-03-23,run,58.8,14.18
2024-03-23,strength,42.6,
2024-03-23,walk,83.4,
2024-03-24,walk,49.7,
2024-03-24,walk,107.8,
2024-03-25,walk,58.1,
2024-03-26,ride,99.8,54.52
2024-03-26,run,42.4,10.26
2024-03-27,ride,102.8,58.25
2024-03-27,run,47.5,12.07
2024-03-27,strength,38.0,
2024-03-28,run,60.5,14.84
2024-03-29,run,50.2,12.03
2024-03-29,strength,39.6,
2024-03-30,ride,271.6,142.92
2024-03-30,run,54.7,13.65
2024-03-31,run,45.0,10.52
2024-04-01,ride,100.8,50.59
2024-04-01,run,99.4,24.12
2024-04-02,strength,49.8,
2024-04-03,walk,42.8,
2024-04-03,walk,95.4,
2024-04-04,ride,105.2,54.68
2024-04-04,run,87.7,20.89
2024-04-04,strength,50.0,
2024-04-05,run,67.5,16.36
2024-04-05,walk,94.6,
2024-04-06,ride,115.9,61.58
2024-04-06,run,68.5,16.25
2024-04-07,ride,95.9,48.03
2024-04-08,ride,112.7,60.14
2024-04-08,run,36.6,8.45
2024-04-08,strength,48.7,
2024-04-09,run,29.6,6.87
2024-04-09,walk,57.6,
2024-04-11,ride,164.9,86.89
2024-04-11,walk,94.6,
2024-04-12,run,28.4,6.99
2024-04-13,ride,96.4,44.65
2024-04-13,run,50.6,11.47
2024-04-15,ride,74.0,38.26
2024-04-15,run,52.5,12.68
2024-04-15,walk,61.1,
2024-04-16,run,29.2,7.48
2024-04-16,strength,49.3,
2024-04-18,indoor_ride,16.5,
2024-04-18,indoor_ride,30.6,
2024-04-18,run,48.0,11.20
2024-04-18,walk,56.8,
2024-04-19,indoor_ride,75.2,
2024-04-19,run,46.2,11.55
2024-04-19,walk,51.4,
2024-04-20,indoor_ride,125.4,
2024-04-20,run,58.2,13.99
2024-04-20,walk,71.4,
2024-04-21,indoor_ride,67.6,
2024-04-21,run,24.2,5.73
2024-04-21,walk,25.5,
2024-04-22,indoor_ride,32.7,
2024-04-22,run,20.8,5.70
2024-04-22,walk,58.0,
2024-04-23,run,45.6,11.58
2024-04-25,run,50.4,11.59
2024-04-25,walk,57.8,
2024-04-27,run,21.9,5.35
2024-04-28,run,47.3,11.56
2024-04-28,walk,51.1,
2024-04-29,ride,118.4,60.51
2024-04-29,run,48.4,11.54
2024-04-30,run,22.4,5.37
2024-04-30,walk,58.5,
2024-05-01,ride,113.0,58.40
2024-05-01,run,46.9,11.49
2024-05-01,walk,36.7,
2024-05-02,run,48.5,11.54
2024-05-03,ride,127.7,67.96
2024-05-03,run,29.6,7.41
2024-05-03,walk,43.9,
2024-05-04,ride,110.7,64.94
2024-05-04,run,22.0,5.32
2024-05-05,ride,114.8,59.65
2024-05-08,walk,64.2,
2024-05-09,ride,92.6,48.38
2024-05-09,run,35.9,9.74
2024-05-10,ride,83.7,43.75
2024-05-10,walk,36.5,
2024-05-11,ride,101.4,50.69
2024-05-11,run,44.0,10.36
2024-05-11,walk,44.9,
2024-05-12,walk,98.8,
2024-05-13,run,48.6,11.56
2024-05-13,strength,41.0,
2024-05-13,walk,61.2,
2024-05-14,walk,119.2,
2024-05-15,ride,47.8,23.02
2024-05-15,ride,53.4,25.03
2024-05-16,ride,47.9,23.54
2024-05-18,ride,126.8,64.90
2024-05-18,run,60.8,14.71
2024-05-19,walk,73.8,
2024-05-20,run,62.9,14.87
2024-05-20,strength,40.5,
2024-05-20,walk,47.0,
2024-05-21,ride,98.0,49.20
2024-05-21,run,34.4,8.19
2024-05-22,walk,107.9,
2024-05-23,ride,86.2,44.95
2024-05-23,run,42.2,10.18
2024-05-23,walk,36.4,
2024-05-24,walk,85.2,
2024-05-25,run,49.0,11.82
2024-05-25,walk,36.9,
2024-05-27,ride,40.7,22.46
2024-05-27,ride,47.3,22.82
2024-05-27,walk,52.0,
2024-05-28,ride,42.2,22.51
2024-05-29,ride,45.6,22.55
2024-05-29,ride,48.8,22.84
2024-05-30,run,46.5,11.36
2024-05-30,walk,31.7,
2024-05-31,walk,27.0,
2024-05-31,walk,40.2,
2024-05-31,walk,55.5,
2024-06-01,ride,88.0,45.85
2024-06-01,run,55.5,13.89
2024-06-01,walk,61.5,
2024-06-02,ride,64.1,33.68
2024-06-02,run,46.0,11.15
2024-06-02,walk,52.2,
2024-06-03,ride,88.3,45.11
2024-06-03,run,44.2,10.66
2024-06-03,walk,42.8,
2024-06-04,run,44.7,10.63
2024-06-04,walk,63.7,
2024-06-05,ride,47.0,22.84
2024-06-05,ride,50.3,22.86
2024-06-05,walk,19.6,
2024-06-06,walk,42.7,
2024-06-07,ride,65.7,32.88
2024-06-07,ride,103.4,52.41
2024-06-07,run,42.9,10.70
2024-06-07,walk,48.4,
2024-06-08,run,97.7,23.92
2024-06-08,strength,26.1,
2024-06-08,walk,46.8,
2024-06-08,walk,48.2,
2024-06-09,ride,99.6,51.87
2024-06-09,run,42.3,10.61
2024-06-10,run,47.4,11.49
2024-06-10,strength,26.5,
2024-06-11,ride,66.3,33.12
2024-06-11,run,52.7,12.81
2024-06-11,walk,53.6,
2024-06-12,run,53.4,12.74
2024-06-12,walk,95.5,
2024-06-13,ride,141.4,73.46
2024-06-13,run,52.5,12.74
2024-06-13,walk,30.7,
2024-06-14,ride,53.2,27.48
2024-06-14,run,53.7,12.62
2024-06-14,strength,26.7,
2024-06-14,walk,54.1,
2024-06-15,run,55.0,13.22
2024-06-15,walk,68.2,
2024-06-16,ride,65.4,33.80
2024-06-16,run,26.2,6.25
2024-06-16,strength,25.3,
2024-06-16,walk,44.9,
2024-06-17,ride,141.8,74.27
2024-06-17,run,53.6,12.72
2024-06-17,walk,27.6,
2024-06-18,ride,47.6,23.91
2024-06-18,ride,86.3,41.38
2024-06-18,walk,54.9,
2024-06-19,ride,95.4,46.83
2024-06-19,run,29.2,7.10
2024-06-19,strength,25.6,
2024-06-19,walk,25.0,
2024-06-19,walk,51.1,
2024-06-20,ride,103.7,56.84
2024-06-20,run,56.9,13.66
2024-06-20,walk,30.0,
2024-06-21,run,55.6,13.55
2024-06-21,strength,26.2,
2024-06-21,walk,100.7,
2024-06-22,ride,160.0,78.33
2024-06-22,run,54.1,13.52
2024-06-22,walk,33.1,
2024-06-23,ride,63.6,30.91
2024-06-23,run,38.6,9.47
2024-06-23,run,42.8,10.35
2024-06-23,strength,16.3,
2024-06-23,walk,57.4,
2024-06-24,ride,122.4,61.81
2024-06-24,run,21.2,5.10
2024-06-24,walk,40.4,
2024-06-25,ride,121.8,61.23
2024-06-25,run,55.8,13.57
2024-06-25,walk,41.6,
2024-06-26,ride,251.6,122.40
2024-06-26,run,57.3,13.46
2024-06-27,walk,123.4,
2024-06-28,run,57.7,13.57
2024-06-28,strength,25.8,
2024-06-28,walk,127.9,
2024-06-29,ride,275.8,133.96
2024-06-29,run,30.0,7.08
2024-06-29,walk,46.4,
2024-06-30,ride,98.6,49.46
2024-06-30,walk,33.8,
2024-07-01,ride,64.3,30.97
2024-07-01,run,127.2,30.15
2024-07-01,strength,26.2,
2024-07-01,walk,34.4,
2024-07-02,run,56.5,13.34
2024-07-02,walk,92.6,
2024-07-03,run,111.8,26.09
2024-07-03,walk,49.4,
2024-07-04,ride,103.7,51.17
2024-07-04,run,55.8,13.97
2024-07-04,strength,26.3,
2024-07-04,walk,29.5,
2024-07-04,walk,29.6,
2024-07-05,run,57.5,13.49
2024-07-05,walk,77.7,
2024-07-06,run,56.4,13.52
2024-07-06,strength,25.9,
2024-07-06,walk,79.8,
2024-07-07,walk,142.4,
2024-07-08,ride,110.0,58.21
2024-07-08,run,54.8,13.69
2024-07-08,strength,26.6,
2024-07-08,walk,48.1,
2024-07-09,run,51.2,13.49
2024-07-09,walk,14.5,
2024-07-09,walk,40.4,
2024-07-09,walk,59.6,
2024-07-10,run,58.0,13.62
2024-07-10,strength,26.4,
2024-07-10,walk,14.4,
2024-07-10,walk,19.6,
2024-07-10,walk,110.0,
2024-07-11,run,48.3,10.94
2024-07-11,walk,30.9,
2024-07-12,run,81.2,20.38
2024-07-13,ride,151.8,76.73
2024-07-13,run,47.8,11.60
2024-07-13,walk,57.3,
2024-07-14,ride,76.0,36.30
2024-07-15,ride,127.8,68.23
2024-07-15,run,63.6,15.59
2024-07-15,strength,26.7,
2024-07-16,ride,77.5,40.61
2024-07-16,run,63.2,15.63
2024-07-17,run,64.8,15.10
2024-07-17,strength,26.5,
2024-07-18,ride,177.0,91.43
2024-07-18,run,67.6,16.12
2024-07-19,ride,175.0,89.41
2024-07-19,strength,26.7,
2024-07-20,walk,47.0,
2024-07-21,ride,150.5,81.24
2024-07-21,run,93.2,22.71
2024-07-22,ride,92.2,50.56
2024-07-22,run,65.2,16.17
2024-07-22,strength,26.8,
2024-07-23,ride,129.1,66.75
2024-07-23,run,66.0,15.32
2024-07-23,walk,57.2,
2024-07-24,run,22.9,5.37
2024-07-24,walk,57.9,
2024-07-25,run,96.9,22.63
2024-07-25,strength,27.1,
2024-07-25,walk,63.4,
2024-07-26,ride,140.7,68.09
2024-07-26,run,65.6,15.25
2024-07-29,run,65.3,15.81
2024-07-29,strength,27.9,
2024-07-29,walk,66.2,
2024-07-30,ride,47.4,24.35
2024-07-30,run,8.0,1.96
2024-07-30,run,63.5,14.99
2024-07-30,walk,147.7,
2024-07-31,ride,86.6,50.23
2024-08-01,ride,75.6,40.85
2024-08-01,run,47.1,11.72
2024-08-02,ride,106.0,58.10
2024-08-02,run,67.2,16.58
2024-08-02,strength,27.0,
2024-08-04,ride,119.4,57.19
2024-08-04,run,129.0,30.62
2024-08-05,run,66.2,15.81
2024-08-05,strength,27.4,
2024-08-06,walk,68.9,
2024-08-07,ride,128.4,67.80
2024-08-07,run,100.6,25.14
2024-08-07,walk,71.2,
2024-08-08,ride,40.9,22.84
2024-08-08,run,99.0,22.52
2024-08-08,strength,26.5,
2024-08-08,walk,67.3,
2024-08-09,ride,85.4,40.95
2024-08-10,run,100.1,24.23
2024-08-10,strength,26.8,
2024-08-10,walk,46.7,
2024-08-11,ride,129.0,63.13
2024-08-12,ride,86.4,43.18
2024-08-12,run,71.1,17.10
2024-08-12,strength,26.4,
2024-08-12,walk,54.6,
2024-08-13,ride,165.2,84.04
2024-08-13,run,63.0,15.26
2024-08-14,ride,107.7,59.91
2024-08-14,run,64.2,14.98
2024-08-14,strength,29.4,
2024-08-14,walk,62.2,
2024-08-15,ride,103.1,55.08
2024-08-16,ride,83.5,40.65
2024-08-16,run,66.3,15.78
2024-08-16,strength,26.1,
2024-08-17,run,72.6,17.08
2024-08-17,walk,40.0,
2024-08-19,run,106.4,24.75
2024-08-19,strength,27.4,
2024-08-19,walk,43.6,
2024-08-21,run,43.8,11.52
2024-08-21,walk,62.8,
2024-08-22,run,64.0,14.97
2024-08-22,strength,27.8,
2024-08-22,walk,52.2,
2024-08-23,walk,37.0,
2024-08-24,ride,130.2,61.59
2024-08-24,run,58.2,13.67
2024-08-25,ride,93.4,50.68
2024-08-25,run,47.2,11.57
2024-08-25,walk,41.1,
2024-08-26,run,51.4,12.10
2024-08-26,walk,38.6,
2024-08-27,ride,144.7,68.01
2024-08-27,walk,55.2,
2024-08-28,ride,112.3,61.64
2024-08-28,run,54.0,13.67
2024-08-28,walk,52.1,
2024-08-29,run,50.0,12.28
2024-08-29,walk,51.6,
2024-08-30,ride,130.6,61.47
2024-08-30,run,58.4,14.38
2024-08-31,walk,42.2,
2024-09-01,ride,70.2,35.66
2024-09-01,run,90.8,22.10
2024-09-02,walk,41.6,
2024-09-03,walk,37.8,
2024-09-03,walk,84.9,
2024-09-04,ride,83.0,44.45
2024-09-04,run,74.3,17.64
2024-09-04,strength,27.0,
2024-09-05,ride,39.9,19.45
2024-09-05,ride,43.0,19.12
2024-09-05,walk,148.5,
2024-09-06,ride,73.7,36.84
2024-09-06,walk,13.1,
2024-09-06,walk,21.2,
2024-09-06,walk,33.6,
2024-09-07,ride,122.4,63.54
2024-09-08,ride,99.4,50.16
2024-09-08,walk,80.5,
2024-09-09,run,63.2,15.11
2024-09-09,strength,26.4,
2024-09-09,walk,72.6,
2024-09-10,run,62.6,14.96
2024-09-10,walk,41.1,
2024-09-11,run,71.2,17.51
2024-09-11,strength,29.0,
2024-09-11,walk,64.0,
2024-09-12,run,72.1,17.65
2024-09-12,walk,83.3,
2024-09-13,walk,21.7,
2024-09-13,walk,22.3,
2024-09-13,walk,23.1,
2024-09-13,walk,37.8,
2024-09-13,walk,57.4,
2024-09-14,ride,110.2,56.47
2024-09-14,run,61.9,14.95
2024-09-14,walk,32.8,
2024-09-15,run,44.3,10.57
2024-09-15,strength,26.7,
2024-09-15,walk,44.0,
2024-09-16,ride,67.8,32.88
2024-09-16,ride,74.4,33.27
2024-09-16,walk,126.6,
2024-09-17,ride,148.0,75.05
2024-09-17,run,8.3,1.87
2024-09-17,strength,33.3,
2024-09-18,ride,149.1,76.42
2024-09-19,ride,124.4,63.95
2024-09-20,ride,125.6,65.00
2024-09-20,run,29.1,7.05
2024-09-20,strength,31.6,
2024-09-20,walk,22.6,
2024-09-20,walk,30.2,
2024-09-21,ride,413.3,207.31
2024-09-23,indoor_ride,16.6,
2024-09-23,indoor_ride,30.2,
2024-09-23,run,49.7,11.58
2024-09-23,walk,37.9,
2024-09-24,indoor_ride,50.2,
2024-09-24,run,47.4,11.08
2024-09-24,strength,19.8,
2024-09-25,indoor_ride,45.4,
2024-09-25,walk,48.7,
2024-09-26,indoor_ride,47.0,
2024-09-26,run,54.2,13.45
2024-09-27,indoor_ride,37.4,
2024-09-28,walk,37.4,
2024-09-29,ride,149.6,78.51
2024-09-30,ride,104.8,54.97
2024-09-30,strength,28.2,
2024-09-30,walk,45.4,
2024-10-01,ride,94.9,48.99
2024-10-03,walk,101.6,
2024-10-04,run,47.9,11.48
2024-10-05,run,27.4,7.43
2024-10-07,ride,140.9,72.56
2024-10-07,run,49.4,11.75
2024-10-07,walk,11.8,
2024-10-07,walk,18.0,
2024-10-08,ride,137.8,67.68
2024-10-09,walk,26.0,
2024-10-09,walk,32.4,
2024-10-11,indoor_ride,66.4,
2024-10-11,run,43.9,10.09
2024-10-11,walk,21.2,
2024-10-11,walk,54.2,
2024-10-12,walk,31.1,
2024-10-12,walk,68.8,
2024-10-13,indoor_ride,65.2,
2024-10-13,run,62.5,15.14
2024-10-13,strength,32.0,
2024-10-13,walk,62.7,
2024-10-14,indoor_ride,70.8,
2024-10-14,run,44.8,10.50
2024-10-14,walk,80.2,
2024-10-15,indoor_ride,37.4,
2024-10-15,run,54.6,13.95
2024-10-15,walk,65.1,
2024-10-16,strength,23.9,
2024-10-16,walk,120.3,
2024-10-17,walk,147.0,
2024-10-18,indoor_ride,45.0,
2024-10-18,run,46.6,10.83
2024-10-18,strength,24.2,
2024-10-18,walk,21.7,
2024-10-18,walk,25.1,
2024-10-18,walk,35.4,
2024-10-19,indoor_ride,10.9,
2024-10-19,indoor_ride,97.8,
2024-10-19,run,65.4,15.56
2024-10-20,walk,147.6,
2024-10-21,walk,161.0,
2024-10-22,run,42.0,9.93
2024-10-22,walk,17.2,
2024-10-22,walk,20.0,
2024-10-22,walk,124.6,
2024-10-23,run,39.7,10.32
2024-10-23,walk,132.1,
2024-10-24,indoor_ride,61.6,
2024-10-24,run,39.4,10.28
2024-10-25,walk,19.4,
2024-10-25,walk,27.2,
2024-10-25,walk,97.7,
2024-10-26,ride,134.6,72.58
2024-10-26,run,42.5,10.30
2024-10-26,walk,64.0,
2024-10-27,ride,115.8,63.91
2024-10-27,run,43.6,10.56
2024-10-27,walk,49.1,
2024-10-28,walk,168.1,
2024-10-29,run,46.4,11.53
2024-10-29,strength,22.1,
2024-10-29,walk,117.4,
2024-10-30,run,104.4,25.20
2024-10-30,walk,126.5,
2024-10-31,ride,128.8,64.01
2024-10-31,run,44.2,10.37
2024-10-31,walk,68.9,
2024-11-01,walk,137.9,
2024-11-02,ride,125.4,63.90
2024-11-02,run,43.7,10.57
2024-11-02,walk,39.1,
2024-11-03,ride,94.6,47.53
2024-11-03,run,62.8,15.17
2024-11-03,strength,22.8,
2024-11-03,walk,66.0,
2024-11-04,walk,140.3,
2024-11-05,ride,130.2,64.47
2024-11-05,run,51.6,12.17
2024-11-05,strength,22.4,
2024-11-05,walk,19.6,
2024-11-05,walk,27.6,
2024-11-05,walk,37.9,
2024-11-06,ride,211.9,101.92
2024-11-06,walk,54.4,
2024-11-07,run,43.7,10.52
2024-11-07,walk,90.9,
2024-11-08,walk,19.2,
2024-11-08,walk,20.8,
2024-11-08,walk,61.6,
2024-11-09,run,125.0,30.75
2024-11-09,strength,22.6,
2024-11-09,walk,81.6,
2024-11-10,ride,127.4,62.90
2024-11-10,run,63.2,15.08
2024-11-10,walk,56.0,
2024-11-11,walk,37.6,
2024-11-11,walk,68.8,
2024-11-12,ride,68.8,34.46
2024-11-12,run,50.2,12.12
2024-11-12,strength,23.2,
2024-11-12,walk,68.0,
2024-11-13,ride,138.4,68.25
2024-11-13,run,42.8,10.40
2024-11-13,walk,54.0,
2024-11-14,ride,132.1,67.44
2024-11-14,run,43.7,10.65
2024-11-14,strength,23.8,
2024-11-14,walk,54.4,
2024-11-15,ride,119.0,58.47
2024-11-15,walk,18.6,
2024-11-15,walk,23.6,
2024-11-15,walk,81.8,
2024-11-16,walk,73.3,
2024-11-17,indoor_ride,86.7,
2024-11-17,run,62.1,15.12
2024-11-17,strength,24.8,
2024-11-17,walk,45.8,
2024-11-18,indoor_ride,106.7,
2024-11-18,run,58.1,14.00
2024-11-18,walk,28.6,
2024-11-18,walk,39.9,
2024-11-19,indoor_ride,60.4,
2024-11-19,run,43.7,10.46
2024-11-19,walk,39.6,
2024-11-20,indoor_ride,100.2,
2024-11-20,run,44.5,10.57
2024-11-20,strength,23.1,
2024-11-21,walk,141.0,
2024-11-22,indoor_ride,70.4,
2024-11-22,run,44.2,10.53
2024-11-22,strength,23.0,
2024-11-22,walk,19.1,
2024-11-22,walk,22.8,
2024-11-23,indoor_ride,67.8,
2024-11-23,run,61.7,15.75
2024-11-23,walk,25.7,
2024-11-24,indoor_ride,70.8,
2024-11-24,run,49.6,12.25
2024-11-24,strength,23.1,
2024-11-24,walk,104.3,
2024-11-25,walk,113.4,
2024-11-26,indoor_ride,25.3,
2024-11-26,indoor_ride,36.8,
2024-11-26,run,40.8,10.64
2024-11-26,walk,71.9,
2024-11-27,indoor_ride,60.4,
2024-11-27,run,43.1,10.71
2024-11-27,strength,24.6,
2024-11-27,walk,50.0,
2024-11-28,indoor_ride,50.0,
2024-11-28,run,44.3,10.48
2024-11-28,walk,93.2,
2024-11-29,walk,18.3,
2024-11-29,walk,19.4,
2024-11-29,walk,20.3,
2024-11-29,walk,126.9,
2024-11-30,indoor_ride,60.6,
2024-11-30,run,128.7,30.45
2024-12-01,run,42.7,10.15
2024-12-01,walk,109.8,
2024-12-02,indoor_ride,72.2,
2024-12-02,run,81.5,19.42
2024-12-02,strength,24.8,
2024-12-02,walk,27.8,
2024-12-03,run,43.6,10.41
2024-12-03,walk,85.4,
2024-12-04,indoor_ride,70.3,
2024-12-04,strength,24.8,
2024-12-04,walk,30.7,
2024-12-05,indoor_ride,50.0,
2024-12-05,walk,20.8,
2024-12-05,walk,57.0,
2024-12-06,indoor_ride,77.4,
2024-12-06,run,29.1,6.97
2024-12-06,strength,23.4,
2024-12-06,walk,37.7,
2024-12-06,walk,39.8,
2024-12-07,walk,56.8,
2024-12-08,run,44.5,10.50
2024-12-08,strength,20.4,
2024-12-08,walk,79.1,
2024-12-09,walk,177.2,
2024-12-10,walk,22.6,
2024-12-10,walk,164.8,
2024-12-11,walk,151.9,
2024-12-12,run,40.4,9.60
2024-12-14,walk,79.1,
2024-12-15,walk,238.7,
2024-12-16,walk,178.6,
2024-12-17,walk,56.5,
2024-12-17,walk,164.6,
2024-12-18,walk,143.4,
2024-12-21,walk,44.5,
2024-12-21,walk,55.1,
2024-12-22,run,50.9,11.51
2024-12-23,run,38.1,8.86
2024-12-26,walk,55.2,
2024-12-26,walk,70.4,
2024-12-27,walk,17.9,
2024-12-28,run,32.6,7.72
2024-12-28,walk,14.3,
2024-12-30,strength,25.6,
2025-01-01,ride,73.0,36.94
2025-01-01,run,47.9,11.32
2025-01-02,indoor_ride,15.1,
2025-01-02,indoor_ride,33.2,
2025-01-02,run,36.5,8.50
2025-01-03,indoor_ride,35.6,
2025-01-03,run,49.4,11.52
2025-01-04,indoor_ride,45.4,
2025-01-04,run,49.5,11.58
2025-01-05,indoor_ride,65.3,
2025-01-06,indoor_ride,36.4,
2025-01-07,indoor_ride,37.4,
2025-01-07,run,22.8,5.36
2025-01-09,walk,63.8,
2025-01-10,indoor_ride,25.3,
2025-01-10,run,51.4,12.16
2025-01-10,walk,57.6,
2025-01-11,ride,73.7,36.11
2025-01-11,run,45.2,10.61
2025-01-11,walk,61.7,
2025-01-12,ride,97.5,45.91
2025-01-12,run,45.7,10.65
2025-01-12,walk,58.0,
2025-01-13,indoor_ride,35.1,
2025-01-13,run,44.2,10.37
2025-01-13,strength,17.1,
2025-01-13,walk,97.0,
2025-01-14,walk,20.8,
2025-01-14,walk,30.3,
2025-01-14,walk,109.0,
2025-01-15,ride,67.4,32.49
2025-01-15,run,74.4,17.50
2025-01-16,indoor_ride,49.1,
2025-01-16,strength,23.1,
2025-01-16,walk,73.7,
2025-01-17,ride,80.4,38.12
2025-01-17,walk,18.6,
2025-01-17,walk,21.4,
2025-01-17,walk,55.9,
2025-01-18,indoor_ride,100.4,
2025-01-18,run,43.8,11.00
2025-01-19,indoor_ride,35.2,
2025-01-19,run,21.6,5.65
2025-01-19,strength,22.0,
2025-01-19,walk,86.9,
2025-01-20,indoor_ride,45.2,
2025-01-20,run,52.9,12.76
2025-01-20,walk,36.2,
2025-01-21,indoor_ride,55.3,
2025-01-21,run,99.7,23.66
2025-01-21,walk,39.4,
2025-01-22,walk,31.7,
2025-01-22,walk,63.0,
2025-01-23,indoor_ride,60.4,
2025-01-23,run,33.7,8.10
2025-01-23,strength,23.6,
2025-01-23,walk,33.6,
2025-01-24,walk,18.0,
2025-01-24,walk,22.5,
2025-01-25,indoor_ride,20.1,
2025-01-25,indoor_ride,84.1,
2025-01-25,run,50.8,12.20
2025-01-25,strength,24.4,
2025-01-25,walk,36.7,
2025-01-26,walk,124.1,
2025-01-27,indoor_ride,35.8,
2025-01-27,run,42.7,10.62
2025-01-27,strength,23.6,
2025-01-27,walk,140.3,
2025-01-28,run,43.8,10.60
2025-01-28,walk,27.2,
2025-01-28,walk,98.8,
2025-01-29,indoor_ride,51.3,
2025-01-29,run,43.1,10.45
2025-01-29,strength,24.5,
2025-01-29,walk,97.3,
2025-01-30,walk,151.6,
2025-01-31,indoor_ride,10.0,
2025-01-31,indoor_ride,41.8,
2025-01-31,run,44.5,10.96
2025-01-31,walk,17.4,
2025-01-31,walk,21.7,
2025-01-31,walk,58.8,
2025-02-01,ride,132.0,64.01
2025-02-01,run,53.9,13.21
2025-02-02,walk,140.8,
2025-02-03,ride,90.9,44.11
2025-02-03,run,52.0,13.22
2025-02-03,strength,24.0,
2025-02-03,walk,60.6,
2025-02-04,indoor_ride,31.7,
2025-02-04,run,53.3,13.04
2025-02-04,walk,92.2,
2025-02-05,indoor_ride,29.7,
2025-02-05,indoor_ride,30.2,
2025-02-05,run,21.1,5.65
2025-02-06,indoor_ride,60.4,
2025-02-06,walk,98.8,
2025-02-07,indoor_ride,61.2,
2025-02-07,run,43.2,10.68
2025-02-07,walk,31.9,
2025-02-08,indoor_ride,30.2,
2025-02-08,indoor_ride,35.8,
2025-02-08,run,57.7,14.37
2025-02-08,walk,48.0,
2025-02-09,strength,24.4,
2025-02-09,walk,133.9,
2025-02-10,indoor_ride,23.0,
2025-02-10,indoor_ride,40.4,
2025-02-10,run,54.3,13.20
2025-02-11,indoor_ride,39.6,
2025-02-11,strength,24.2,
2025-02-11,walk,49.9,
2025-02-12,indoor_ride,22.6,
2025-02-12,indoor_ride,60.5,
2025-02-12,run,46.1,10.96
2025-02-13,indoor_ride,60.4,
2025-02-14,indoor_ride,34.9,
2025-02-14,walk,17.9,
2025-02-14,walk,27.6,
2025-02-18,indoor_ride,120.2,
2025-02-19,indoor_ride,60.3,
2025-02-19,walk,84.4,
2025-02-20,indoor_ride,65.4,
2025-02-20,walk,36.4,
2025-02-21,indoor_ride,30.8,
2025-02-21,walk,123.7,
2025-02-22,indoor_ride,54.6,
2025-02-22,run,24.7,5.91
2025-02-22,walk,57.1,
2025-02-23,indoor_ride,45.4,
2025-02-23,walk,144.1,
2025-02-24,walk,132.0,
2025-02-25,indoor_ride,60.3,
2025-02-25,walk,136.4,
2025-02-26,indoor_ride,60.5,
2025-02-26,walk,49.9,
2025-02-27,indoor_ride,10.2,
2025-02-27,indoor_ride,48.5,
2025-02-27,run,23.8,5.90
2025-02-28,walk,141.9,
2025-03-01,ride,62.8,33.51
2025-03-01,run,28.2,6.98
2025-03-01,walk,41.1,
2025-03-02,ride,85.2,43.83
2025-03-02,run,32.8,8.24
2025-03-02,walk,57.2,
2025-03-03,ride,103.2,51.63
2025-03-03,run,24.0,5.90
2025-03-03,strength,22.7,
2025-03-03,walk,124.3,
2025-03-04,ride,94.9,47.82
2025-03-04,run,24.2,5.98
2025-03-04,walk,77.9,
2025-03-05,ride,105.6,50.42
2025-03-05,run,45.6,10.76
2025-03-05,walk,98.9,
2025-03-06,ride,95.9,51.01
2025-03-06,run,44.1,10.64
2025-03-06,strength,18.8,
2025-03-06,walk,83.4,
2025-03-07,ride,124.4,59.39
2025-03-07,walk,18.6,
2025-03-07,walk,53.4,
2025-03-09,ride,14.9,5.28
2025-03-09,ride,17.2,6.80
2025-03-09,walk,110.8,
2025-03-10,run,98.4,23.69
2025-03-10,walk,117.9,
2025-03-11,run,55.9,13.29
2025-03-11,walk,75.7,
2025-03-12,run,44.7,10.63
2025-03-12,walk,86.4,
2025-03-14,walk,19.2,
2025-03-14,walk,19.4,
2025-03-14,walk,56.6,
2025-03-15,indoor_ride,60.3,
2025-03-15,run,45.9,11.00
2025-03-15,walk,52.9,
2025-03-16,indoor_ride,28.2,
2025-03-16,walk,50.4,
2025-03-17,ride,104.2,53.55
2025-03-17,run,44.6,10.64
2025-03-18,run,45.2,10.91
2025-03-18,walk,85.9,
2025-03-19,ride,22.4,8.63
2025-03-19,ride,72.3,32.86
2025-03-19,ride,79.9,39.48
2025-03-20,walk,20.5,
2025-03-20,walk,33.0,
2025-03-20,walk,46.4,
2025-03-21,walk,16.8,
2025-03-21,walk,19.1,
2025-03-21,walk,24.2,
2025-03-21,walk,30.1,
2025-03-22,ride,130.8,69.29
2025-03-23,ride,126.2,66.68
2025-03-23,run,27.7,6.94
2025-03-25,walk,55.8,
2025-03-26,ride,219.5,107.28
2025-03-26,run,44.1,10.99
2025-03-27,ride,71.5,38.12
2025-03-27,walk,20.0,
2025-03-27,walk,20.4,
2025-03-28,walk,18.8,
2025-03-29,ride,62.8,33.54
2025-03-29,run,14.5,3.89
2025-03-29,run,32.8,8.24
2025-03-29,walk,39.1,
2025-03-31,ride,32.7,16.96
2025-03-31,ride,46.2,22.16
2025-03-31,run,40.8,10.55
2025-04-01,ride,125.2,64.29
2025-04-01,run,46.2,11.30
2025-04-02,ride,31.1,16.69
2025-04-02,ride,51.8,27.64
2025-04-02,run,44.2,10.98
2025-04-03,ride,99.7,52.00
2025-04-04,walk,15.8,
2025-04-05,ride,126.2,64.01
2025-04-05,run,48.4,12.34
2025-04-06,run,45.2,11.28
2025-04-06,walk,36.2,
2025-04-07,ride,115.2,59.80
2025-04-08,ride,171.7,86.20
2025-04-08,run,27.0,6.76
2025-04-09,ride,89.8,46.78
2025-04-09,ride,103.2,46.74
2025-04-10,walk,120.2,
2025-04-11,walk,18.2,
2025-04-12,run,74.4,17.53
2025-04-14,walk,82.6,
2025-04-15,run,52.9,12.37
2025-04-15,walk,36.7,
2025-04-16,ride,98.1,46.85
2025-04-16,ride,101.1,47.04
2025-04-17,walk,18.4,
2025-04-17,walk,22.0,
2025-04-18,ride,146.8,75.16
2025-04-18,walk,17.6,
2025-04-18,walk,21.3,
2025-04-19,ride,65.1,33.75
2025-04-19,run,68.2,17.50
2025-04-20,ride,76.8,40.48
2025-04-20,run,45.7,11.17
2025-04-21,walk,52.3,
2025-04-22,ride,101.2,47.43
2025-04-22,ride,102.6,47.16
2025-04-23,walk,17.8,
2025-04-23,walk,21.4,
2025-04-23,walk,22.0,
2025-04-24,run,55.0,13.50
2025-04-24,walk,56.6,
2025-04-25,ride,91.8,47.44
2025-04-25,walk,18.8,
2025-04-25,walk,30.4,
2025-04-26,run,29.0,7.11
2025-04-26,walk,42.5,
2025-04-27,ride,55.2,28.45
2025-04-27,walk,42.7,
2025-04-28,walk,20.0,
2025-04-28,walk,24.6,
2025-04-28,walk,26.4,
2025-04-28,walk,87.2,
2025-04-29,ride,81.8,46.46
2025-04-29,run,26.6,7.05
2025-04-29,strength,20.5,
2025-04-30,ride,121.8,63.55
2025-04-30,run,26.0,7.04
2025-05-01,ride,62.3,33.67
2025-05-01,run,26.9,6.96
2025-05-01,strength,21.3,
2025-05-02,ride,64.7,34.21
2025-05-02,run,26.2,7.16
2025-05-02,walk,24.6,
2025-05-03,run,95.9,24.57
2025-05-04,run,42.5,11.17
2025-05-04,strength,21.8,
2025-05-05,ride,57.2,28.56
2025-05-05,walk,42.3,
2025-05-06,walk,20.3,
2025-05-06,walk,21.9,
2025-05-06,walk,35.7,
2025-05-07,ride,79.5,41.20
2025-05-07,run,29.4,8.19
2025-05-07,strength,22.2,
2025-05-08,ride,53.1,28.55
2025-05-08,run,29.2,8.22
2025-05-09,walk,18.8,
2025-05-09,walk,31.0,
2025-05-09,walk,43.3,
2025-05-10,ride,94.5,48.39
2025-05-10,walk,25.2,
2025-05-10,walk,25.4,
2025-05-11,ride,53.3,26.99
2025-05-11,run,36.1,10.11
2025-05-12,walk,21.0,
2025-05-12,walk,24.1,
2025-05-12,walk,51.9,
2025-05-13,ride,88.8,47.51
2025-05-13,ride,100.2,47.30
2025-05-14,run,29.6,7.20
2025-05-14,strength,25.2,
2025-05-15,ride,88.3,47.56
2025-05-15,ride,101.6,46.99
2025-05-15,walk,44.4,
2025-05-16,run,53.5,14.12
2025-05-16,strength,22.9,
2025-05-17,ride,67.4,34.21
2025-05-17,run,41.4,11.12
2025-05-19,ride,53.5,28.05
2025-05-19,run,26.6,7.17
2025-05-19,strength,24.4,
2025-05-19,walk,45.5,
2025-05-20,ride,90.8,46.28
2025-05-20,ride,98.6,47.04
2025-05-21,run,29.4,7.10
2025-05-22,ride,79.2,38.84
2025-05-22,run,33.0,8.20
2025-05-22,strength,32.0,
2025-05-23,run,22.8,5.69
2025-05-23,walk,16.1,
2025-05-23,walk,27.0,
2025-05-25,walk,32.2,
2025-05-26,walk,21.1,
2025-05-26,walk,21.2,
2025-05-26,walk,26.8,
2025-05-27,walk,19.5,
2025-05-27,walk,20.3,
2025-05-27,walk,26.0,
2025-05-28,ride,39.8,17.74
2025-05-29,ride,79.6,41.50
2025-05-30,ride,54.6,28.39
2025-05-30,run,40.1,10.16
2025-05-30,strength,33.2,
2025-05-30,walk,31.6,
2025-05-31,ride,94.0,48.95
2025-05-31,run,38.2,10.14
2025-06-01,ride,39.6,17.76
2025-06-01,ride,43.7,20.49
2025-06-01,run,42.0,10.19
2025-06-02,ride,64.7,33.18
2025-06-02,run,39.9,9.81
2025-06-02,strength,32.6,
2025-06-03,walk,19.9,
2025-06-03,walk,21.4,
2025-06-04,ride,81.6,42.98
2025-06-04,run,40.8,10.18
2025-06-04,strength,33.7,
2025-06-05,run,98.6,24.65
2025-06-06,run,38.0,10.17
2025-06-06,strength,31.9,
2025-06-07,run,38.6,10.17
2025-06-07,walk,58.9,
2025-06-08,ride,51.8,28.21
2025-06-09,ride,46.9,25.26
2025-06-09,run,174.7,43.21
2025-06-10,ride,64.4,33.10
2025-06-11,ride,95.2,45.03
2025-06-11,ride,97.9,46.89
2025-06-11,walk,40.2,
2025-06-12,ride,87.7,45.37
2025-06-12,run,28.8,7.13
2025-06-13,ride,123.2,64.86
2025-06-13,run,45.5,11.15
2025-06-13,walk,18.2,
2025-06-13,walk,19.0,
2025-06-14,run,64.0,16.42
2025-06-15,walk,46.0,
2025-06-15,walk,55.1,
2025-06-16,ride,80.2,45.15
2025-06-16,run,37.4,10.13
2025-06-17,ride,66.8,33.90
2025-06-17,run,39.0,9.52
2025-06-18,ride,69.1,28.11
2025-06-18,run,40.0,10.17
2025-06-18,walk,35.3,
2025-06-19,ride,123.0,63.01
2025-06-20,ride,221.6,112.01
2025-06-20,run,41.9,11.17
2025-06-21,ride,166.4,84.88
2025-06-22,ride,71.4,35.82
2025-06-23,ride,76.0,38.15
2025-06-23,run,44.7,11.12
2025-06-23,walk,37.6,
2025-06-24,walk,58.9,
2025-06-25,ride,120.5,66.27
2025-06-26,walk,59.1,
2025-06-27,run,42.2,11.13
2025-06-27,strength,28.8,
2025-06-27,walk,57.6,
2025-06-28,walk,32.2,
2025-06-29,ride,89.5,43.44
2025-06-29,run,31.6,8.13
2025-06-29,walk,34.4,
2025-06-30,ride,101.2,47.07
2025-06-30,ride,108.5,49.37
2025-07-01,ride,64.0,33.88
2025-07-01,run,26.5,6.63
2025-07-01,walk,40.7,
2025-07-02,run,33.0,8.13
2025-07-03,ride,95.8,47.22
2025-07-03,ride,96.7,47.03
2025-07-03,walk,42.1,
2025-07-04,ride,42.2,23.02
2025-07-04,ride,49.1,23.02
2025-07-04,run,51.9,13.27
2025-07-05,ride,68.6,35.16
2025-07-05,run,23.3,6.35
2025-07-05,walk,37.2,
2025-07-07,ride,93.6,47.43
2025-07-07,ride,102.9,47.00
2025-07-07,walk,20.4,
2025-07-07,walk,47.4,
2025-07-08,walk,20.8,
2025-07-08,walk,22.5,
2025-07-09,ride,100.1,47.06
2025-07-09,ride,135.8,68.65
2025-07-09,walk,71.4,
2025-07-10,ride,96.2,51.68
2025-07-10,run,44.4,11.44
2025-07-10,strength,24.2,
2025-07-11,ride,68.3,35.45
2025-07-11,run,46.5,12.01
2025-07-11,walk,35.2,
2025-07-12,ride,55.8,29.57
2025-07-13,ride,33.8,14.65
2025-07-13,ride,46.7,22.59
2025-07-13,run,29.8,7.93
2025-07-14,ride,99.6,46.92
2025-07-14,ride,115.7,52.26
2025-07-14,walk,48.8,
2025-07-15,ride,93.4,47.05
2025-07-15,ride,99.8,47.34
2025-07-15,walk,22.5,
2025-07-15,walk,54.7,
2025-07-16,ride,54.6,29.10
2025-07-16,walk,21.8,
2025-07-16,walk,22.0,
2025-07-16,walk,31.6,
2025-07-17,ride,123.1,64.69
2025-07-17,run,58.3,14.39
2025-07-17,walk,30.1,
2025-07-18,ride,106.2,55.32
2025-07-18,run,99.8,25.07
2025-07-19,run,24.0,6.33
2025-07-20,run,23.8,6.42
2025-07-20,strength,24.6,
2025-07-20,walk,57.6,
2025-07-21,walk,19.9,
2025-07-21,walk,21.3,
2025-07-22,ride,67.6,35.93
2025-07-22,run,39.4,10.13
2025-07-22,strength,23.8,
2025-07-23,ride,61.4,33.39
2025-07-23,run,39.6,10.16
2025-07-23,walk,34.6,
2025-07-24,ride,93.6,47.45
2025-07-24,ride,100.3,47.02
2025-07-24,walk,25.4,
2025-07-24,walk,42.2,
2025-07-25,ride,57.2,32.04
2025-07-25,run,43.8,11.15
2025-07-25,strength,26.6,
2025-07-26,ride,52.9,27.92
2025-07-26,run,40.7,10.14
2025-07-26,walk,82.9,
2025-07-27,ride,54.8,27.92
2025-07-27,run,40.7,10.33
2025-07-27,strength,26.7,
2025-07-28,ride,89.4,47.34
2025-07-28,ride,98.0,47.10
2025-07-28,walk,25.7,
2025-07-29,walk,21.0,
2025-07-29,walk,21.2,
2025-07-30,walk,141.2,
2025-07-31,ride,90.8,47.04
2025-07-31,ride,92.1,47.45
2025-07-31,walk,25.2,
2025-08-01,run,40.8,10.14
2025-08-01,walk,21.5,
2025-08-01,walk,24.0,
2025-08-02,run,56.8,14.38
2025-08-02,walk,76.3,
2025-08-03,ride,97.0,47.92
2025-08-03,run,86.8,22.32
2025-08-03,strength,24.6,
2025-08-04,walk,21.4,
2025-08-04,walk,21.6,
2025-08-04,walk,22.5,
2025-08-04,walk,46.5,
2025-08-05,run,55.5,14.08
2025-08-05,strength,32.8,
2025-08-05,walk,36.0,
2025-08-05,walk,59.6,
2025-08-06,ride,96.0,47.03
2025-08-06,ride,127.1,63.71
2025-08-06,walk,42.0,
2025-08-06,walk,48.9,
2025-08-07,ride,86.4,47.00
2025-08-07,ride,100.2,47.42
2025-08-07,walk,41.3,
2025-08-08,ride,118.1,63.56
2025-08-08,run,39.4,10.18
2025-08-08,strength,33.2,
2025-08-08,walk,22.9,
2025-08-08,walk,27.4,
2025-08-09,ride,113.0,62.89
2025-08-09,run,55.7,13.42
2025-08-10,ride,145.3,76.49
2025-08-10,run,68.8,17.65
2025-08-10,strength,33.2,
2025-08-11,ride,101.2,47.02
2025-08-11,ride,130.8,65.93
2025-08-11,walk,47.9,
2025-08-11,walk,50.6,
2025-08-12,ride,157.3,81.30
2025-08-12,run,4.7,1.14
2025-08-13,ride,101.8,49.38
2025-08-13,ride,102.4,47.12
2025-08-13,walk,37.4,
2025-08-13,walk,47.7,
2025-08-14,ride,142.5,74.94
2025-08-14,run,24.4,6.60
2025-08-15,ride,136.4,69.99
2025-08-15,run,41.0,10.45
2025-08-16,ride,74.1,37.69
2025-08-16,run,61.4,16.29
2025-08-16,run,69.7,17.22
2025-08-17,ride,65.4,32.58
2025-08-17,run,42.2,10.59
2025-08-17,strength,31.6,
2025-08-18,ride,94.8,47.31
2025-08-18,ride,102.2,47.04
2025-08-18,walk,50.3,
2025-08-19,walk,19.4,
2025-08-19,walk,22.2,
2025-08-19,walk,47.7,
2025-08-20,ride,126.8,67.89
2025-08-20,run,40.2,10.12
2025-08-20,strength,31.9,
2025-08-21,ride,64.1,32.84
2025-08-21,run,42.0,11.14
2025-08-21,walk,48.6,
2025-08-22,run,38.6,10.15
2025-08-22,walk,27.0,
2025-08-22,walk,31.5,
2025-08-22,walk,34.5,
2025-08-23,run,53.5,12.77
2025-08-24,run,26.2,6.25
2025-08-24,walk,38.4,
2025-08-25,run,47.2,10.82
2025-08-25,walk,49.0,
2025-08-26,run,41.8,10.30
2025-08-27,run,59.7,14.83
2025-08-28,run,45.2,11.10
2025-08-28,walk,24.2,
2025-08-28,walk,25.2,
2025-08-28,walk,66.3,
2025-08-29,run,51.5,13.05
2025-08-30,walk,105.2,
2025-08-31,walk,43.8,
2025-09-01,ride,5.2,
2025-09-01,ride,93.7,46.96
2025-09-01,ride,95.5,47.39
2025-09-01,walk,51.0,
2025-09-02,ride,97.4,47.02
2025-09-02,ride,98.6,45.83
2025-09-02,walk,52.4,
2025-09-03,run,38.9,10.14
2025-09-03,strength,34.0,
2025-09-03,walk,38.8,
2025-09-04,walk,21.0,
2025-09-04,walk,22.9,
2025-09-04,walk,54.0,
2025-09-05,ride,104.4,54.40
2025-09-05,walk,19.5,
2025-09-05,walk,23.0,
2025-09-05,walk,28.9,
2025-09-06,ride,101.8,54.50
2025-09-06,run,43.2,11.71
2025-09-07,run,39.6,10.12
2025-09-07,strength,32.4,
2025-09-07,walk,18.8,
2025-09-07,walk,20.0,
2025-09-07,walk,88.7,
2025-09-08,ride,86.8,48.09
2025-09-08,run,37.8,10.13
2025-09-08,walk,32.1,
2025-09-09,ride,95.3,47.04
2025-09-09,ride,97.0,46.16
2025-09-09,walk,30.2,
2025-09-09,walk,46.8,
2025-09-11,strength,32.1,
2025-09-11,walk,88.2,
2025-09-12,run,42.7,10.17
2025-09-12,walk,20.5,
2025-09-12,walk,22.3,
2025-09-12,walk,47.6,
2025-09-13,walk,57.3,
2025-09-14,run,86.7,21.91
2025-09-14,strength,33.5,
2025-09-15,run,41.9,10.77
2025-09-15,strength,33.2,
2025-09-15,walk,97.8,
2025-09-16,walk,15.2,
2025-09-16,walk,21.8,
2025-09-16,walk,22.1,
2025-09-17,walk,111.1,
2025-09-18,ride,94.8,48.25
2025-09-18,walk,21.1,
2025-09-18,walk,21.9,
2025-09-18,walk,27.6,
2025-09-19,ride,161.6,85.26
2025-09-19,walk,16.3,
2025-09-19,walk,32.0,
2025-09-20,ride,60.6,21.84
2025-09-21,ride,92.2,48.13
2025-09-21,run,21.2,5.92
2025-09-21,strength,25.6,
2025-09-22,ride,89.3,47.40
2025-09-22,ride,96.3,46.64
2025-09-22,walk,58.5,
2025-09-23,ride,91.7,42.89
2025-09-23,walk,20.7,
2025-09-23,walk,22.0,
2025-09-23,walk,56.7,
2025-09-24,ride,111.9,54.31
2025-09-24,run,39.1,10.39
2025-09-24,walk,24.8,
2025-09-25,ride,77.5,38.78
2025-09-25,run,21.4,5.92
2025-09-25,strength,33.2,
2025-09-25,walk,50.4,
2025-09-27,ride,122.4,62.47
2025-09-27,run,82.8,22.00
2025-09-27,walk,23.4,
2025-09-28,ride,98.9,49.78
2025-09-28,strength,33.3,
2025-09-29,ride,69.0,33.89
2025-09-29,walk,21.9,
2025-09-29,walk,22.5,
2025-09-29,walk,58.9,
2025-09-30,ride,65.4,33.88
2025-09-30,walk,21.4,
2025-09-30,walk,22.0,
2025-09-30,walk,58.8,
2025-10-01,ride,99.6,50.17
2025-10-01,run,42.4,10.78
2025-10-02,ride,91.4,46.58
2025-10-02,run,62.7,16.52
2025-10-02,strength,32.9,
2025-10-03,run,118.5,30.13
2025-10-04,strength,32.3,
2025-10-05,walk,127.0,
2025-10-06,ride,96.7,46.89
2025-10-06,ride,100.0,47.14
2025-10-06,walk,60.0,
2025-10-07,ride,97.6,46.25
2025-10-07,ride,98.1,47.38
2025-10-07,walk,60.3,
2025-10-08,ride,91.9,46.66
2025-10-08,run,40.1,10.12
2025-10-08,strength,32.1,
2025-10-08,walk,31.1,
2025-10-09,ride,60.0,30.41
2025-10-09,run,37.2,10.10
2025-10-10,ride,103.7,50.97
2025-10-10,run,26.6,6.77
2025-10-10,walk,21.1,
2025-10-10,walk,49.8,
2025-10-11,ride,75.5,39.23
2025-10-11,run,50.9,13.32
2025-10-12,run,27.6,7.15
2025-10-12,strength,33.5,
2025-10-12,walk,92.5,
2025-10-13,ride,93.6,46.12
2025-10-13,ride,102.1,47.53
2025-10-13,walk,56.4,
2025-10-14,ride,95.6,47.91
2025-10-14,ride,98.5,47.42
2025-10-14,walk,60.6,
2025-10-15,run,68.4,17.22
2025-10-15,strength,33.6,
2025-10-16,ride,74.1,36.54
2025-10-16,run,38.2,10.54
2025-10-16,walk,25.0,
2025-10-17,walk,18.9,
2025-10-18,ride,215.2,109.05
2025-10-18,strength,32.1,
2025-10-19,ride,56.0,28.04
2025-10-19,run,39.1,10.16
2025-10-20,run,43.8,11.80
2025-10-20,strength,41.1,
2025-10-21,indoor_ride,84.1,
2025-10-21,run,42.2,10.89
2025-10-22,indoor_ride,33.6,
2025-10-22,run,40.1,10.11
2025-10-23,walk,58.5,
2025-10-24,indoor_ride,11.5,
2025-10-24,indoor_ride,26.1,
2025-10-24,indoor_ride,37.2,
2025-10-24,strength,39.3,
2025-10-25,indoor_ride,60.2,
2025-10-25,run,44.6,11.64
2025-10-26,run,53.9,13.52
2025-10-27,strength,39.2,
2025-10-29,indoor_ride,40.7,
2025-10-29,walk,14.1,
2025-10-30,indoor_ride,49.8,
2025-10-30,indoor_ride,55.2,
2025-10-30,run,39.8,10.12
2025-10-30,walk,53.1,
2025-10-31,walk,20.2,
2025-10-31,walk,59.6,
2025-11-01,indoor_ride,75.4,
2025-11-01,run,22.8,5.93
2025-11-01,strength,28.2,
2025-11-02,indoor_ride,40.0,
2025-11-02,walk,18.2,
2025-11-02,walk,41.2,
2025-11-03,walk,19.7,
2025-11-03,walk,21.5,
2025-11-04,walk,17.4,
2025-11-04,walk,30.0,
2025-11-06,indoor_ride,27.4,
2025-11-07,walk,20.0,
2025-11-07,walk,67.0,
2025-11-08,indoor_ride,60.2,
2025-11-08,walk,73.3,
2025-11-09,indoor_ride,30.2,
2025-11-09,run,22.9,6.01
2025-11-09,walk,53.0,
2025-11-10,walk,18.4,
2025-11-10,walk,19.6,
2025-11-12,indoor_ride,30.5,
2025-11-12,walk,21.2,
2025-11-12,walk,22.9,
2025-11-13,walk,32.2,
2025-11-13,walk,43.8,
2025-11-16,walk,121.0,
2025-11-17,walk,19.5,
2025-11-17,walk,21.6,
2025-11-17,walk,39.8,
2025-11-18,walk,19.0,
2025-11-18,walk,21.4,
2025-11-18,walk,40.2,
2025-11-19,walk,19.1,
2025-11-19,walk,20.8,
2025-11-19,walk,38.5,
2025-11-20,walk,19.1,
2025-11-20,walk,21.2,
2025-11-21,walk,29.5,
2025-11-21,walk,58.2,
2025-11-21,walk,149.1,
2025-11-22,walk,210.7,
2025-11-23,walk,88.9,
2025-11-24,walk,20.4,
2025-11-24,walk,21.2,
2025-11-24,walk,28.2,
2025-11-25,walk,21.4,
2025-11-25,walk,21.8,
2025-11-26,walk,21.6,
2025-11-26,walk,22.9,
2025-11-26,walk,41.6,
2025-11-27,walk,21.4,
2025-11-27,walk,22.4,
2025-11-28,walk,27.2,
2025-11-28,walk,87.2,
2025-11-29,walk,131.4,
2025-11-30,walk,103.1,
2025-12-01,walk,91.6,
2025-12-02,walk,21.5,
2025-12-02,walk,21.9,
2025-12-03,walk,21.5,
2025-12-03,walk,22.0,
2025-12-03,walk,26.2,
2025-12-04,walk,110.9,
2025-12-05,walk,17.8,
2025-12-05,walk,21.8,
2025-12-05,walk,34.2,
2025-12-06,walk,170.8,
2025-12-07,walk,40.8,
2025-12-08,walk,157.9,
2025-12-09,walk,20.1,
2025-12-09,walk,20.4,
2025-12-09,walk,48.8,
2025-12-10,walk,34.8,
2025-12-10,walk,113.2,
2025-12-11,walk,20.6,
2025-12-11,walk,20.7,
2025-12-11,walk,41.2,
2025-12-11,walk,46.2,
2025-12-12,walk,17.5,
2025-12-12,walk,24.0,
2025-12-12,walk,133.5,
2025-12-13,ride,88.6,43.99
2025-12-13,run,42.3,10.64
2025-12-13,walk,64.4,
2025-12-14,indoor_ride,30.3,
2025-12-14,run,51.0,12.10
2025-12-14,walk,61.4,
2025-12-15,indoor_ride,71.5,
2025-12-15,walk,21.3,
2025-12-16,indoor_ride,60.2,
2025-12-16,run,43.4,10.34
2025-12-16,walk,48.6,
2025-12-17,indoor_ride,65.2,
2025-12-17,walk,20.5,
2025-12-17,walk,21.7,
2025-12-17,walk,29.6,
2025-12-18,indoor_ride,60.2,
2025-12-18,run,43.0,10.29
2025-12-18,strength,22.8,
2025-12-18,walk,51.9,
2025-12-19,indoor_ride,35.1,
2025-12-19,run,28.2,7.01
2025-12-19,walk,33.4,
2025-12-19,walk,115.6,
2025-12-20,indoor_ride,60.2,
2025-12-20,run,49.5,11.93
2025-12-20,walk,27.6,
2025-12-21,strength,23.7,
2025-12-21,walk,107.3,
2025-12-22,indoor_ride,60.2,
2025-12-22,walk,21.8,
2025-12-22,walk,22.2,
2025-12-23,indoor_ride,45.1,
2025-12-23,run,43.3,10.32
2025-12-23,strength,24.8,
2025-12-23,walk,62.4,
2025-12-24,indoor_ride,131.2,
2025-12-25,indoor_ride,47.8,
2025-12-25,run,21.6,5.30
2025-12-25,walk,29.3,
2025-12-26,indoor_ride,40.3,
2025-12-26,run,32.5,7.78
2025-12-26,strength,24.3,
2025-12-27,indoor_ride,30.6,
2025-12-27,run,21.6,5.30
2025-12-28,indoor_ride,31.8,
2025-12-28,run,22.4,5.30
2025-12-29,indoor_ride,40.4,
2025-12-29,run,22.2,5.31
2025-12-29,strength,26.2,
2025-12-30,run,21.8,5.34
2025-12-30,walk,45.7,
2025-12-31,walk,20.2,
2025-12-31,walk,43.1,
2026-01-02,indoor_ride,48.6,
2026-01-02,run,41.9,10.29
2026-01-02,strength,25.4,
2026-01-03,indoor_ride,50.2,
2026-01-03,run,71.5,17.34
2026-01-03,walk,86.2,
2026-01-04,indoor_ride,45.1,
2026-01-04,run,46.7,11.36
2026-01-04,strength,24.7,
2026-01-04,walk,51.0,
2026-01-05,indoor_ride,8.8,
2026-01-05,indoor_ride,41.7,
2026-01-05,walk,19.8,
2026-01-05,walk,20.3,
2026-01-05,walk,40.0,
2026-01-06,indoor_ride,60.4,
2026-01-06,run,43.0,10.25
2026-01-07,indoor_ride,45.1,
2026-01-07,run,44.4,10.30
2026-01-07,strength,25.3,
2026-01-07,walk,43.9,
2026-01-08,walk,21.2,
2026-01-08,walk,21.4,
2026-01-09,indoor_ride,59.8,
2026-01-09,run,42.1,10.27
2026-01-09,strength,25.2,
2026-01-10,indoor_ride,75.2,
2026-01-10,run,40.3,10.26
2026-01-10,walk,121.0,
2026-01-11,indoor_ride,60.2,
2026-01-11,run,40.7,10.27
2026-01-11,walk,51.8,
2026-01-12,indoor_ride,120.5,
2026-01-12,run,41.2,10.31
2026-01-12,strength,33.7,
2026-01-13,indoor_ride,60.2,
2026-01-13,run,39.9,10.28
2026-01-14,indoor_ride,60.3,
2026-01-14,walk,21.9,
2026-01-14,walk,27.7,
2026-01-15,walk,20.4,
2026-01-15,walk,21.0,
2026-01-15,walk,26.7,
2026-01-15,walk,27.1,
2026-01-16,indoor_ride,34.2,
2026-01-16,ride,67.4,33.89
2026-01-16,run,57.4,13.89
2026-01-16,walk,18.3,
2026-01-16,walk,30.0,
2026-01-16,walk,43.2,
2026-01-17,indoor_ride,45.1,
2026-01-17,run,85.1,22.15
2026-01-17,walk,44.8,
2026-01-18,indoor_ride,25.2,
2026-01-18,run,20.3,5.56
2026-01-18,strength,31.6,
2026-01-18,walk,97.8,
2026-01-19,walk,19.8,
2026-01-19,walk,21.3,
2026-01-20,indoor_ride,45.2,
2026-01-20,run,42.4,11.36
2026-01-20,strength,32.5,
2026-01-20,walk,55.2,
2026-01-21,indoor_ride,25.1,
2026-01-21,indoor_ride,33.8,
2026-01-21,walk,21.0,
2026-01-21,walk,21.2,
2026-01-21,walk,28.6,
2026-01-22,indoor_ride,45.4,
2026-01-22,run,40.2,10.84
2026-01-22,walk,42.0,
2026-01-23,walk,18.3,
2026-01-23,walk,28.7,
2026-01-24,run,84.2,22.40
2026-01-25,ride,68.1,32.14
2026-01-25,strength,34.9,
2026-01-25,walk,51.2,
2026-01-26,indoor_ride,60.2,
2026-01-26,walk,20.7,
2026-01-26,walk,20.8,
2026-01-26,walk,27.2,
2026-01-27,indoor_ride,65.2,
2026-01-27,run,21.3,5.32
2026-01-27,walk,33.9,
2026-01-28,indoor_ride,75.2,
2026-01-29,indoor_ride,16.8,
2026-01-29,walk,20.5,
2026-01-29,walk,21.3,
2026-01-29,walk,26.4,
2026-01-30,indoor_ride,60.2,
2026-01-30,walk,19.1,
2026-01-30,walk,31.2,
2026-01-31,indoor_ride,30.3,
2026-02-01,indoor_ride,60.2,
2026-02-02,indoor_ride,60.2,
2026-02-02,walk,20.0,
2026-02-02,walk,21.4,
2026-02-03,indoor_ride,60.1,
2026-02-03,run,22.4,5.84
2026-02-03,walk,50.7,
2026-02-04,walk,21.6,
2026-02-04,walk,21.7,
2026-02-04,walk,27.2,
2026-02-04,walk,27.7,
2026-02-05,indoor_ride,65.2,
2026-02-05,run,44.5,11.22
2026-02-05,walk,24.0,
2026-02-06,indoor_ride,66.5,
2026-02-06,run,44.8,11.55
2026-02-07,ride,9.7,
2026-02-07,ride,75.3,39.35
2026-02-07,walk,55.6,
2026-02-08,ride,14.2,5.54
2026-02-08,ride,14.6,6.10
2026-02-08,run,43.1,11.20
2026-02-09,walk,21.6,
2026-02-09,walk,21.6,
2026-02-09,walk,24.4,
2026-02-10,run,43.4,11.25
2026-02-11,indoor_ride,60.2,
2026-02-12,walk,21.1,
2026-02-12,walk,21.4,
2026-02-12,walk,30.5,
2026-02-13,indoor_ride,63.4,
2026-02-13,run,27.9,7.35
2026-02-13,walk,18.4,
2026-02-13,walk,26.7,
2026-02-14,indoor_ride,45.2,
2026-02-14,run,46.0,11.56
2026-02-14,walk,42.0,
2026-02-15,indoor_ride,40.2,
2026-02-15,run,22.0,5.90
2026-02-15,strength,24.3,
2026-02-15,walk,60.4,
2026-02-16,indoor_ride,60.1,
2026-02-16,run,37.7,10.13
2026-02-17,indoor_ride,30.2,
2026-02-17,walk,25.1,
2026-02-17,walk,33.8,
2026-02-18,indoor_ride,20.2,
2026-02-18,run,39.7,10.17
2026-02-18,strength,25.5,
2026-02-19,indoor_ride,40.2,
2026-02-19,run,22.4,5.86
2026-02-20,indoor_ride,30.2,
2026-02-20,run,22.9,5.91
2026-02-20,walk,31.7,
2026-02-20,walk,35.7,
2026-02-21,walk,33.7,
2026-02-22,indoor_ride,75.1,
2026-02-22,run,21.6,5.93
2026-02-22,strength,28.0,
2026-02-23,indoor_ride,38.3,
2026-02-23,walk,12.9,
2026-02-23,walk,20.6,
2026-02-23,walk,21.1,
2026-02-24,indoor_ride,38.2,
2026-02-24,run,42.3,11.43
2026-02-24,strength,25.0,
2026-02-25,ride,94.2,47.04
2026-02-25,ride,96.1,46.27
2026-02-25,walk,59.2,
2026-02-26,ride,79.8,39.87
2026-02-27,walk,30.4,
2026-02-28,indoor_ride,25.2,
2026-02-28,indoor_ride,27.0,
2026-03-01,ride,204.6,94.41
2026-03-02,ride,123.4,65.44
2026-03-03,ride,196.4,104.93
2026-03-04,ride,76.6,40.73
2026-03-05,indoor_ride,33.5,
2026-03-05,walk,20.5,
2026-03-05,walk,22.2,
2026-03-06,ride,112.0,59.82
2026-03-07,walk,12.8,
2026-03-07,walk,12.8,
2026-03-08,walk,129.8,
2026-03-09,walk,20.0,
2026-03-09,walk,22.4,
2026-03-09,walk,54.5,
2026-03-10,indoor_ride,55.2,
2026-03-10,strength,26.3,
2026-03-10,walk,48.1,
2026-03-11,indoor_ride,30.3,
2026-03-11,walk,77.8,
2026-03-12,walk,19.8,
2026-03-12,walk,20.6,
2026-03-13,indoor_ride,30.2,
2026-03-13,strength,28.7,
2026-03-14,ride,30.0,17.01
2026-03-14,walk,27.2,
2026-03-15,ride,60.0,31.37
2026-03-15,walk,25.1,
2026-03-15,walk,42.0,
2026-03-16,walk,21.1,
2026-03-16,walk,26.0,
2026-03-16,walk,82.2,
2026-03-17,ride,62.5,33.06
2026-03-17,run,22.8,5.91
2026-03-18,ride,74.2,38.36
2026-03-18,walk,20.0,
2026-03-18,walk,20.2,
2026-03-19,ride,115.8,61.65
2026-03-19,run,28.1,6.90
2026-03-20,ride,47.2,23.38
2026-03-20,run,41.3,10.14
2026-03-21,run,46.4,11.41
2026-03-21,walk,116.8,
2026-03-22,ride,105.7,51.90
2026-03-22,strength,29.0,
2026-03-23,walk,21.9,
2026-03-23,walk,22.7,
2026-03-23,walk,26.8,
2026-03-24,ride,47.0,23.66
2026-03-24,run,40.6,10.09
2026-03-24,walk,27.6,
2026-03-25,run,41.0,10.46
2026-03-25,walk,29.4,
2026-03-25,walk,29.9,
2026-03-26,walk,20.9,
2026-03-26,walk,21.5,
2026-03-26,walk,31.2,
2026-03-29,ride,63.6,32.47
2026-03-30,ride,9.6,
2026-03-30,walk,34.0,
2026-03-31,ride,70.0,36.39
2026-04-01,ride,114.9,60.11
2026-04-03,ride,49.3,23.71
2026-04-03,walk,21.5,
2026-04-04,ride,116.9,60.62
2026-04-06,ride,64.3,33.70
2026-04-07,ride,129.1,66.81
2026-04-07,strength,28.2,
2026-04-08,walk,21.5,
2026-04-08,walk,22.6,
2026-04-08,walk,29.8,
2026-04-09,ride,75.0,38.89
2026-04-10,walk,28.7,
2026-04-10,walk,43.9,
2026-04-11,ride,47.6,26.68
2026-04-11,ride,52.9,24.85
2026-04-12,ride,105.5,54.91
2026-04-12,strength,21.9,
2026-04-13,ride,53.4,28.37
2026-04-13,walk,22.1,
2026-04-13,walk,22.4,
2026-04-14,ride,116.2,60.75
2026-04-14,strength,20.8,
2026-04-15,walk,22.6,
2026-04-16,ride,92.7,47.52
2026-04-16,walk,34.0,
2026-04-17,ride,67.4,36.87
2026-04-17,strength,24.8,
2026-04-18,ride,125.6,63.85
2026-04-19,ride,63.0,29.78
2026-04-19,ride,94.7,47.59
2026-04-19,strength,22.5,
2026-04-19,walk,44.5,
2026-04-20,walk,21.0,
2026-04-20,walk,21.6,
2026-04-20,walk,26.1,
2026-04-21,walk,31.3,
2026-04-21,walk,63.0,
2026-04-22,ride,62.4,32.11
2026-04-22,walk,20.1,
2026-04-22,walk,20.4,
2026-04-22,walk,27.1,
2026-04-22,walk,55.7,
2026-04-23,ride,102.5,53.77
2026-04-23,walk,27.0,
2026-04-24,ride,121.0,62.68
2026-04-25,ride,200.0,102.46
2026-04-26,ride,195.6,105.81
2026-04-26,walk,29.0,
2026-04-27,ride,79.0,39.12
2026-04-28,strength,28.6,
2026-04-28,walk,74.0,
2026-04-29,walk,21.4,
2026-04-29,walk,24.3,
2026-04-30,ride,65.9,33.83
2026-05-01,ride,79.0,41.44
2026-05-01,run,13.6,3.53
2026-05-01,walk,17.9,
2026-05-01,walk,27.0,
2026-05-02,ride,60.4,32.24
2026-05-02,run,22.7,5.70
2026-05-02,strength,31.8,
2026-05-03,run,22.5,5.70
2026-05-04,walk,20.8,
2026-05-04,walk,21.3,
2026-05-04,walk,69.6,
2026-05-05,ride,64.0,32.13
2026-05-05,run,22.4,5.70
2026-05-05,strength,29.7,
2026-05-06,walk,19.8,
2026-05-06,walk,20.6,
2026-05-06,walk,28.5,
2026-05-06,walk,56.9,
2026-05-07,ride,61.4,32.18
2026-05-08,ride,60.2,33.65
2026-05-08,ride,121.7,64.55
2026-05-09,run,22.5,5.72
2026-05-10,walk,16.5,
2026-05-10,walk,27.1,
2026-05-10,walk,46.6,
2026-05-11,run,22.4,5.70
2026-05-11,strength,21.0,
2026-05-11,walk,37.7,
2026-05-12,walk,26.6,
2026-05-12,walk,49.1,
2026-05-14,run,46.4,11.60
2026-05-14,strength,34.1,
2026-05-17,run,22.8,5.73
2026-05-17,strength,36.3,
2026-05-17,walk,59.9,
2026-05-18,walk,21.0,
2026-05-18,walk,21.6,
2026-05-18,walk,21.9,
2026-05-19,run,24.4,6.17
2026-05-19,walk,20.6,
2026-05-19,walk,30.0,
2026-05-20,ride,48.8,24.15
2026-05-21,ride,61.3,33.30
2026-05-21,walk,21.1,
2026-05-21,walk,21.7,
2026-05-21,walk,27.4,
2026-05-21,walk,39.5,
2026-05-22,ride,121.1,61.18
2026-05-23,ride,95.0,48.09
2026-05-24,ride,284.9,138.42
2026-05-25,ride,134.4,75.33
2026-05-26,ride,136.1,70.00
2026-05-27,walk,21.3,
2026-05-27,walk,21.6,
2026-05-27,walk,28.4,
2026-05-29,walk,60.9,
2026-05-30,ride,145.7,65.93
2026-05-30,walk,24.3,
2026-05-30,walk,42.2,
2026-05-31,ride,106.2,53.13
2026-05-31,strength,26.1,
2026-05-31,walk,24.1,
2026-06-01,walk,20.0,
2026-06-01,walk,55.8,
2026-06-02,run,32.4,8.04
2026-06-02,strength,28.8,
2026-06-02,walk,15.3,
2026-06-03,run,23.2,5.68
2026-06-03,walk,11.7,
2026-06-04,walk,19.1,
2026-06-04,walk,21.3,
2026-06-04,walk,23.3,
2026-06-05,ride,85.1,42.76
2026-06-06,walk,43.9,
2026-06-07,ride,78.2,42.69
2026-06-07,run,41.5,10.37
2026-06-07,strength,26.3,
2026-06-08,walk,9.7,
2026-06-08,walk,17.3,
2026-06-08,walk,21.6,
2026-06-09,run,43.3,10.65
2026-06-09,strength,25.2,
2026-06-09,walk,42.6,
2026-06-10,run,22.4,5.64
2026-06-10,walk,21.6,
2026-06-10,walk,21.7,
2026-06-10,walk,29.4,
2026-06-11,run,43.5,10.63
2026-06-11,strength,26.6,
2026-06-12,run,46.5,11.37
2026-06-12,walk,24.5,
2026-06-12,walk,29.0,
2026-06-13,run,51.6,12.55
2026-06-13,walk,97.7,
2026-06-14,run,48.1,12.39
2026-06-14,walk,105.4,
2026-06-15,walk,22.3,
2026-06-15,walk,22.4,
2026-06-15,walk,25.7,
2026-06-16,ride,82.8,44.90
2026-06-16,strength,27.7,
2026-06-17,run,46.9,11.41
2026-06-17,walk,20.3,
2026-06-17,walk,20.9,
2026-06-17,walk,26.0,
2026-06-18,ride,37.4,19.15
2026-06-18,run,33.2,8.34
2026-06-18,strength,26.9,
2026-06-19,ride,57.4,30.20
2026-06-19,walk,50.0,
2026-06-19,walk,56.3,
2026-06-20,run,42.2,10.64
2026-06-20,strength,26.6,
2026-06-20,walk,13.2,
2026-06-20,walk,16.7,
2026-06-21,walk,27.7,
2026-06-21,walk,28.8,
2026-06-21,walk,29.3,
2026-06-22,ride,76.3,39.24
2026-06-22,walk,22.3,
2026-06-22,walk,22.8,
2026-06-22,walk,27.2,
2026-06-22,walk,31.8,
2026-06-23,run,43.3,10.65
2026-06-23,strength,28.7,
2026-06-23,walk,46.2,
2026-06-25,ride,81.0,41.55
2026-06-25,walk,19.0,
2026-06-26,ride,86.9,44.02
2026-06-26,run,42.8,10.60
2026-06-26,walk,29.3,
2026-06-27,run,23.6,5.93
2026-06-28,ride,20.1,9.52
2026-06-28,ride,25.2,12.83
2026-06-28,run,42.6,10.65
2026-06-29,ride,64.5,32.30
2026-06-29,walk,21.2,
2026-06-29,walk,21.8,
2026-06-29,walk,28.8,
2026-06-30,run,22.0,5.59
2026-07-01,ride,59.8,31.91
2026-07-01,run,27.5,6.97
2026-07-01,strength,25.3,
2026-07-02,walk,20.7,
2026-07-02,walk,21.8,
2026-07-02,walk,62.8,
2026-07-03,ride,37.3,18.97
2026-07-03,run,43.2,11.01
2026-07-03,strength,27.8,
2026-07-04,run,25.7,6.56
2026-07-04,walk,26.0,
2026-07-04,walk,47.6,
2026-07-05,run,90.5,22.23
2026-07-05,walk,20.6,
2026-07-05,walk,23.9,
2026-07-06,ride,51.1,27.10
2026-07-06,walk,20.0,
2026-07-06,walk,20.8,
2026-07-06,walk,27.5,
2026-07-07,run,43.7,11.03
2026-07-07,walk,30.7,
2026-07-08,ride,45.1,22.63
2026-07-08,walk,20.5,
2026-07-08,walk,22.0,
2026-07-08,walk,23.6,
2026-07-08,walk,27.1,
2026-07-09,ride,91.1,45.07
2026-07-09,run,42.6,10.82
2026-07-09,strength,28.6,
2026-07-10,walk,14.5,
2026-07-10,walk,30.8,
2026-07-11,run,42.2,10.66
2026-07-11,walk,37.9,
2026-07-12,run,91.1,22.05
2026-07-13,walk,21.3,
2026-07-13,walk,21.8,
2026-07-13,walk,27.0,
2026-07-13,walk,28.6,
2026-07-14,ride,36.4,18.22
2026-07-14,run,50.6,12.35
2026-07-14,walk,42.2,
2026-07-15,walk,21.7,
2026-07-16,ride,81.4,40.28
2026-07-17,run,41.4,10.58
2026-07-17,walk,39.0,
2026-07-17,walk,63.2,
2026-07-17,walk,70.9,
2026-07-18,run,97.3,24.40
2026-07-18,walk,26.3,
2026-07-19,run,44.1,10.62
2026-07-19,strength,27.8,
2026-07-19,walk,61.8,
2026-07-20,run,41.4,10.69
2026-07-20,walk,40.4,
2026-07-20,walk,68.8,
2026-07-21,walk,16.8,
2026-07-21,walk,27.8,
2026-07-21,walk,30.4,
2026-07-22,walk,18.7,
2026-07-22,walk,20.4,
2026-07-22,walk,52.9,
2026-07-23,walk,17.6,
2026-07-24,run,46.3,11.64
2026-07-24,strength,6.7,
2026-07-25,run,48.0,12.21
2026-07-25,walk,8.4,
2026-07-25,walk,18.0,
2026-07-26,run,49.4,12.29
2026-07-26,walk,27.4,
2026-07-27,run,25.6,6.56
2026-07-28,run,46.1,11.58
2026-07-29,ride,121.2,51.28
2026-07-29,walk,34.3,
2026-07-30,run,29.9,7.87
2026-07-31,ride,57.1,25.14
2026-08-01,walk,44.5,
2026-08-02,run,48.4,12.41
2026-08-02,strength,27.6,
2026-08-03,ride,85.2,43.11
2026-08-03,walk,22.2,
2026-08-03,walk,22.3,
2026-08-03,walk,22.4,
2026-08-03,walk,28.0,
2026-08-04,ride,63.9,31.67
2026-08-04,run,43.9,10.64
2026-08-05,ride,16.6,7.75
2026-08-05,ride,45.2,23.52
2026-08-05,walk,23.0,
2026-08-05,walk,27.8,
2026-08-05,walk,118.8,
2026-08-06,ride,56.9,30.46
2026-08-06,run,53.1,13.08
2026-08-07,ride,67.8,33.87
2026-08-07,run,44.1,10.63
2026-08-08,ride,7.3,
2026-08-08,ride,8.4,
2026-08-08,run,40.5,10.28
2026-08-08,strength,25.5,
2026-08-09,ride,113.4,57.40
2026-08-09,run,45.1,10.61
2026-08-10,ride,65.5,32.04
2026-08-10,walk,22.6,
2026-08-10,walk,22.7,
2026-08-10,walk,25.6,
2026-08-10,walk,29.3,
2026-08-11,ride,62.0,32.15
2026-08-11,run,44.8,11.52
2026-08-12,ride,71.5,37.14
2026-08-12,run,51.2,12.35
2026-08-13,ride,93.2,48.68
2026-08-13,run,32.0,8.03
2026-08-14,ride,134.4,71.76
2026-08-14,run,49.0,11.90
2026-08-14,walk,33.0,
2026-08-15,ride,8.5,
2026-08-15,ride,12.1,
2026-08-15,run,23.3,5.68
2026-08-16,run,42.3,10.47
2026-08-16,strength,24.9,
2026-08-16,walk,26.9,
2026-08-17,ride,83.0,39.28
2026-08-17,walk,20.7,
2026-08-17,walk,21.8,
2026-08-18,run,39.5,10.61
2026-08-18,strength,28.3,
2026-08-18,walk,32.3,
2026-08-19,walk,20.3,
2026-08-19,walk,20.6,
2026-08-19,walk,28.2,
2026-08-19,walk,59.7,
2026-08-20,run,70.8,17.43
2026-08-21,run,79.5,19.73
2026-08-21,walk,16.2,
2026-08-22,walk,20.4,
2026-08-23,ride,108.2,55.07
2026-08-23,run,35.6,8.94
2026-08-24,ride,71.6,37.54
2026-08-24,walk,14.2,
2026-08-24,walk,22.1,
2026-08-24,walk,22.4,
2026-08-25,ride,68.7,37.64
2026-08-25,run,39.3,10.42
2026-08-25,strength,25.6,
2026-08-25,walk,32.8,
2026-08-26,ride,61.3,33.49
2026-08-26,walk,21.1,
2026-08-26,walk,21.9,
2026-08-26,walk,25.8,
2026-08-27,walk,46.9,
2026-08-28,walk,17.1,
2026-08-29,run,48.5,12.81
2026-08-29,strength,27.8,
2026-08-30,ride,63.0,32.06
2026-08-30,run,44.4,10.69
2026-08-31,walk,22.5,
2026-08-31,walk,29.2,
2026-09-01,run,43.5,10.63
2026-09-01,walk,49.3,
2026-09-02,run,53.1,13.16
2026-09-02,walk,20.1,
2026-09-02,walk,21.5,
2026-09-02,walk,26.2,
2026-09-03,run,47.1,11.54
2026-09-03,strength,25.7,
2026-09-04,run,40.6,10.32
2026-09-05,strength,34.2,
2026-09-05,walk,135.6,
2026-09-06,ride,203.2,104.88
2026-09-06,run,21.9,5.36
2026-09-06,walk,73.8,
2026-09-07,ride,66.1,34.44
2026-09-07,walk,20.4,
2026-09-07,walk,21.8,
2026-09-07,walk,28.0,
2026-09-08,walk,19.6,
2026-09-08,walk,21.4,
2026-09-08,walk,28.6,
2026-09-09,ride,8.4,
2026-09-09,ride,9.1,
2026-09-09,run,24.6,6.19
2026-09-10,ride,89.0,45.44
2026-09-10,walk,20.9,
2026-09-10,walk,21.4,
2026-09-10,walk,27.0,
2026-09-11,ride,54.7,27.72
2026-09-11,strength,35.6,
2026-09-12,run,45.6,11.26
2026-09-12,walk,26.9,
2026-09-13,run,43.6,10.66
2026-09-13,strength,35.7,
2026-09-13,walk,35.4,
2026-09-14,walk,21.6,
2026-09-14,walk,21.9,
2026-09-14,walk,26.3,
2026-09-15,ride,77.5,39.23
2026-09-15,run,42.9,10.63
2026-09-15,strength,15.3,
2026-09-15,walk,33.9,
2026-09-16,walk,21.8,
2026-09-16,walk,22.4,
2026-09-16,walk,28.4,
2026-09-16,walk,76.2,
2026-09-17,walk,46.8,
2026-09-18,run,40.2,10.59
2026-09-19,indoor_ride,100.2,
2026-09-19,run,40.5,10.69
2026-09-20,indoor_ride,60.3,
2026-09-20,strength,36.5,
2026-09-20,walk,74.3,
2026-09-21,ride,60.7,32.69
2026-09-21,walk,11.5,
2026-09-21,walk,13.6,
2026-09-21,walk,21.3,
2026-09-21,walk,21.3,
2026-09-22,ride,112.4,57.62
2026-09-23,ride,66.9,35.09
2026-09-23,walk,21.1,
2026-09-23,walk,21.2,
2026-09-23,walk,28.1,
2026-09-24,ride,111.2,58.59
2026-09-24,walk,27.8,
2026-09-25,ride,228.5,113.75
2026-09-25,walk,46.0,
2026-09-26,ride,102.9,52.62
2026-09-26,walk,97.4,
